degas,degas_0001,0.65217,0.0,0.0,"[191.0, 127.0, 63.0]","[63.0, 63.0, 63.0]","[191.0, 191.0, 63.0]","[127.0, 127.0, 127.0]","[63.0, 63.0, 0.0]"
degas,degas_0002,0.90361,0.0,0.0,"[63.0, 0.0, 0.0]","[127.0, 127.0, 63.0]","[127.0, 63.0, 63.0]","[191.0, 191.0, 127.0]","[63.0, 63.0, 63.0]"
degas,degas_0003,1.20968,0.0,0.0,"[0.0, 0.0, 0.0]","[63.0, 63.0, 63.0]","[191.0, 127.0, 63.0]","[63.0, 0.0, 0.0]","[127.0, 63.0, 63.0]"
degas,degas_0004,1.27119,0.0,0.0,"[191.0, 127.0, 63.0]","[0.0, 0.0, 0.0]","[63.0, 63.0, 0.0]","[63.0, 63.0, 63.0]","[63.0, 0.0, 0.0]"
degas,degas_0005,1.27119,0.0,0.0,"[0.0, 0.0, 0.0]","[63.0, 63.0, 63.0]","[63.0, 0.0, 0.0]","[191.0, 127.0, 63.0]","[127.0, 63.0, 63.0]"
degas,degas_0006,1.38889,575.5,14.20988,"[191.0, 191.0, 191.0]","[127.0, 127.0, 127.0]","[255.0, 255.0, 255.0]","[255.0, 191.0, 191.0]","[63.0, 63.0, 63.0]"
degas,degas_0007,1.54639,1908.0,39.34021,"[255.0, 191.0, 191.0]","[191.0, 191.0, 191.0]","[255.0, 255.0, 255.0]","[127.0, 127.0, 127.0]","[63.0, 63.0, 63.0]"
degas,degas_0008,1.28205,0.0,0.0,"[191.0, 127.0, 63.0]","[0.0, 0.0, 0.0]","[127.0, 63.0, 63.0]","[63.0, 63.0, 63.0]","[127.0, 127.0, 63.0]"
degas,degas_0009,1.53061,17.73518,30.52381,"[255.0, 191.0, 191.0]","[63.0, 63.0, 63.0]","[127.0, 127.0, 127.0]","[255.0, 255.0, 255.0]","[191.0, 191.0, 191.0]"
degas,degas_0010,1.44231,4.91049,10.19872,"[63.0, 63.0, 63.0]","[191.0, 191.0, 191.0]","[255.0, 255.0, 255.0]","[127.0, 127.0, 127.0]","[0.0, 0.0, 0.0]"
degas,degas_0011,1.2,0.0,0.0,"[127.0, 63.0, 63.0]","[63.0, 0.0, 0.0]","[63.0, 63.0, 63.0]","[63.0, 63.0, 0.0]","[191.0, 127.0, 63.0]"
degas,degas_0012,1.37615,0.0,0.0,"[191.0, 127.0, 63.0]","[127.0, 63.0, 63.0]","[63.0, 0.0, 0.0]","[63.0, 63.0, 63.0]","[191.0, 191.0, 127.0]"
degas,degas_0013,1.28205,0.0,0.0,"[63.0, 0.0, 0.0]","[63.0, 63.0, 0.0]","[0.0, 0.0, 0.0]","[191.0, 127.0, 63.0]","[127.0, 63.0, 0.0]"
degas,degas_0014,1.32743,0.0,0.0,"[63.0, 0.0, 0.0]","[191.0, 127.0, 63.0]","[63.0, 63.0, 63.0]","[0.0, 0.0, 0.0]","[255.0, 191.0, 191.0]"
degas,degas_0015,1.30435,0.0,0.0,"[0.0, 0.0, 63.0]","[191.0, 63.0, 63.0]","[191.0, 127.0, 127.0]","[0.0, 0.0, 0.0]","[63.0, 63.0, 63.0]"
degas,degas_0016,1.47059,0.0,0.0,"[0.0, 0.0, 0.0]","[63.0, 63.0, 63.0]","[63.0, 0.0, 0.0]","[127.0, 63.0, 63.0]","[63.0, 0.0, 63.0]"
degas,degas_0017,1.38889,0.01675,0.23457,"[63.0, 0.0, 0.0]","[191.0, 191.0, 191.0]","[0.0, 0.0, 0.0]","[63.0, 63.0, 63.0]","[127.0, 127.0, 127.0]"
degas,degas_0018,1.42857,0.00946,0.09524,"[63.0, 63.0, 0.0]","[191.0, 127.0, 63.0]","[63.0, 0.0, 0.0]","[255.0, 191.0, 191.0]","[127.0, 63.0, 63.0]"
degas,degas_0019,1.28205,0.0,0.0,"[191.0, 127.0, 127.0]","[0.0, 0.0, 0.0]","[127.0, 63.0, 63.0]","[63.0, 63.0, 63.0]","[127.0, 127.0, 127.0]"
degas,degas_0020,1.53061,0.0,0.0,"[127.0, 127.0, 127.0]","[255.0, 191.0, 63.0]","[63.0, 63.0, 0.0]","[191.0, 127.0, 63.0]","[127.0, 63.0, 63.0]"
degas,degas_0021,1.44231,0.0,0.0,"[127.0, 127.0, 63.0]","[63.0, 0.0, 0.0]","[255.0, 191.0, 63.0]","[63.0, 63.0, 63.0]","[127.0, 63.0, 63.0]"
degas,degas_0022,0.70423,0.0,0.0,"[127.0, 127.0, 127.0]","[255.0, 191.0, 127.0]","[63.0, 0.0, 0.0]","[191.0, 127.0, 63.0]","[191.0, 191.0, 127.0]"
degas,degas_0023,0.70423,62.07692,2.52582,"[127.0, 127.0, 127.0]","[191.0, 191.0, 191.0]","[127.0, 63.0, 63.0]","[127.0, 127.0, 63.0]","[255.0, 255.0, 255.0]"
degas,degas_0024,1.28205,0.0,0.0,"[63.0, 63.0, 63.0]","[63.0, 127.0, 191.0]","[63.0, 127.0, 127.0]","[191.0, 191.0, 127.0]","[127.0, 127.0, 127.0]"
degas,degas_0025,0.81081,0.0,0.0,"[63.0, 0.0, 0.0]","[191.0, 127.0, 63.0]","[127.0, 63.0, 63.0]","[63.0, 63.0, 0.0]","[63.0, 63.0, 63.0]"
degas,degas_0026,0.64935,0.00909,0.0404,"[127.0, 127.0, 63.0]","[63.0, 63.0, 63.0]","[191.0, 191.0, 127.0]","[127.0, 63.0, 63.0]","[63.0, 0.0, 0.0]"
degas,degas_0027,1.28205,0.0,0.0,"[191.0, 127.0, 63.0]","[63.0, 63.0, 0.0]","[191.0, 191.0, 127.0]","[127.0, 63.0, 63.0]","[127.0, 127.0, 63.0]"
degas,degas_0028,0.58366,9.6,2.24125,"[255.0, 191.0, 255.0]","[63.0, 0.0, 0.0]","[191.0, 127.0, 63.0]","[127.0, 63.0, 63.0]","[255.0, 191.0, 191.0]"
degas,degas_0030,0.75,0.0,0.0,"[127.0, 63.0, 63.0]","[191.0, 191.0, 127.0]","[127.0, 127.0, 127.0]","[127.0, 127.0, 63.0]","[63.0, 63.0, 0.0]"
degas,degas_0032,1.32743,0.0,0.0,"[127.0, 127.0, 63.0]","[63.0, 63.0, 63.0]","[191.0, 127.0, 63.0]","[127.0, 63.0, 63.0]","[63.0, 0.0, 0.0]"
degas,degas_0033,0.75,0.0,0.0,"[127.0, 127.0, 63.0]","[0.0, 0.0, 0.0]","[191.0, 127.0, 63.0]","[63.0, 63.0, 63.0]","[63.0, 63.0, 0.0]"
degas,degas_0034,0.75,0.0,0.0,"[0.0, 0.0, 0.0]","[191.0, 127.0, 63.0]","[63.0, 63.0, 0.0]","[127.0, 127.0, 63.0]","[127.0, 63.0, 0.0]"
degas,degas_0035,0.75,0.0,0.0,"[63.0, 63.0, 0.0]","[191.0, 127.0, 63.0]","[63.0, 0.0, 0.0]","[127.0, 127.0, 63.0]","[63.0, 63.0, 63.0]"
degas,degas_0036,0.75,0.0,0.0,"[127.0, 63.0, 0.0]","[63.0, 0.0, 0.0]","[191.0, 127.0, 63.0]","[0.0, 0.0, 0.0]","[191.0, 127.0, 0.0]"
degas,degas_0037,1.2605,0.0,0.0,"[127.0, 63.0, 0.0]","[63.0, 0.0, 0.0]","[191.0, 127.0, 63.0]","[63.0, 63.0, 0.0]","[127.0, 63.0, 63.0]"
degas,degas_0038,0.63025,0.0,0.0,"[63.0, 63.0, 0.0]","[191.0, 191.0, 127.0]","[63.0, 63.0, 63.0]","[127.0, 127.0, 63.0]","[255.0, 191.0, 127.0]"
degas,degas_0039,0.57915,0.0,0.0,"[63.0, 0.0, 0.0]","[191.0, 127.0, 63.0]","[127.0, 63.0, 63.0]","[191.0, 191.0, 127.0]","[0.0, 0.0, 0.0]"
degas,degas_0040,0.79787,1327.125,37.64894,"[191.0, 191.0, 191.0]","[255.0, 255.0, 255.0]","[63.0, 63.0, 63.0]","[127.0, 127.0, 127.0]","[255.0, 191.0, 191.0]"
degas,degas_0041,0.74257,0.0,0.0,"[127.0, 63.0, 63.0]","[191.0, 191.0, 191.0]","[191.0, 127.0, 63.0]","[63.0, 0.0, 0.0]","[127.0, 127.0, 127.0]"
degas,degas_0042,1.38889,0.00075,0.00617,"[191.0, 191.0, 127.0]","[0.0, 0.0, 0.0]","[63.0, 63.0, 63.0]","[191.0, 191.0, 191.0]","[127.0, 127.0, 127.0]"
degas,degas_0043,0.68493,0.0,0.0,"[63.0, 63.0, 63.0]","[127.0, 127.0, 127.0]","[63.0, 0.0, 0.0]","[63.0, 63.0, 0.0]","[127.0, 127.0, 63.0]"
degas,degas_0044,0.7772,0.0,0.0,"[63.0, 63.0, 0.0]","[191.0, 191.0, 127.0]","[127.0, 127.0, 63.0]","[63.0, 63.0, 63.0]","[191.0, 191.0, 191.0]"
degas,degas_0045,1.2931,0.0,0.0,"[191.0, 127.0, 127.0]","[63.0, 0.0, 0.0]","[63.0, 63.0, 0.0]","[127.0, 63.0, 63.0]","[0.0, 0.0, 0.0]"
degas,degas_0046,1.30435,0.0,0.0,"[63.0, 63.0, 63.0]","[63.0, 0.0, 0.0]","[191.0, 127.0, 63.0]","[127.0, 63.0, 63.0]","[0.0, 0.0, 0.0]"
degas,degas_0047,0.69124,0.0,0.0,"[127.0, 127.0, 127.0]","[63.0, 63.0, 63.0]","[0.0, 0.0, 0.0]","[63.0, 63.0, 0.0]","[63.0, 127.0, 63.0]"
degas,degas_0048,0.78947,0.0037,0.09825,"[0.0, 0.0, 0.0]","[127.0, 127.0, 127.0]","[63.0, 63.0, 63.0]","[191.0, 191.0, 191.0]","[127.0, 63.0, 63.0]"
degas,degas_0050,1.27119,0.0,0.0,"[127.0, 127.0, 127.0]","[63.0, 0.0, 0.0]","[127.0, 127.0, 63.0]","[63.0, 63.0, 63.0]","[191.0, 127.0, 127.0]"
degas,degas_0051,1.5625,0.0,0.0,"[191.0, 191.0, 127.0]","[63.0, 63.0, 63.0]","[127.0, 63.0, 63.0]","[127.0, 127.0, 63.0]","[0.0, 0.0, 0.0]"
degas,degas_0052,1.47059,0.0,0.0,"[191.0, 127.0, 63.0]","[63.0, 63.0, 63.0]","[0.0, 0.0, 0.0]","[127.0, 63.0, 63.0]","[127.0, 127.0, 63.0]"
degas,degas_0053,1.42857,0.0,0.0,"[63.0, 63.0, 63.0]","[191.0, 191.0, 127.0]","[127.0, 127.0, 63.0]","[0.0, 0.0, 0.0]","[63.0, 63.0, 0.0]"
degas,degas_0054,1.32743,0.0131,0.18289,"[127.0, 63.0, 0.0]","[255.0, 191.0, 127.0]","[63.0, 0.0, 0.0]","[63.0, 63.0, 0.0]","[191.0, 127.0, 63.0]"
degas,degas_0055,0.80214,0.04369,0.15686,"[127.0, 63.0, 0.0]","[191.0, 191.0, 127.0]","[63.0, 63.0, 0.0]","[127.0, 127.0, 63.0]","[191.0, 127.0, 63.0]"
degas,degas_0056,1.28205,0.0,0.0,"[127.0, 63.0, 0.0]","[63.0, 0.0, 0.0]","[127.0, 127.0, 0.0]","[63.0, 63.0, 0.0]","[0.0, 0.0, 0.0]"
degas,degas_0057,1.30435,0.06839,0.52174,"[191.0, 191.0, 191.0]","[63.0, 63.0, 0.0]","[191.0, 127.0, 63.0]","[127.0, 127.0, 63.0]","[63.0, 0.0, 0.0]"
degas,degas_0058,1.28205,0.0,0.0,"[63.0, 0.0, 0.0]","[127.0, 127.0, 63.0]","[127.0, 63.0, 63.0]","[127.0, 63.0, 0.0]","[191.0, 191.0, 127.0]"
degas,degas_0059,1.32743,0.0,0.0,"[127.0, 63.0, 63.0]","[191.0, 127.0, 127.0]","[63.0, 63.0, 63.0]","[63.0, 0.0, 0.0]","[191.0, 127.0, 63.0]"
degas,degas_0060,1.37615,0.0,0.0,"[63.0, 63.0, 0.0]","[255.0, 191.0, 127.0]","[127.0, 63.0, 63.0]","[63.0, 0.0, 0.0]","[63.0, 63.0, 63.0]"
degas,degas_0061,0.5597,0.004,0.00249,"[127.0, 63.0, 63.0]","[191.0, 191.0, 191.0]","[127.0, 127.0, 127.0]","[63.0, 63.0, 63.0]","[127.0, 127.0, 63.0]"
degas,degas_0062,1.35135,0.0,0.0,"[63.0, 0.0, 0.0]","[191.0, 127.0, 127.0]","[0.0, 0.0, 0.0]","[191.0, 191.0, 127.0]","[63.0, 63.0, 63.0]"
degas,degas_0063,1.2,55.60526,56.34667,"[255.0, 191.0, 191.0]","[255.0, 255.0, 255.0]","[63.0, 63.0, 63.0]","[127.0, 127.0, 127.0]","[191.0, 191.0, 191.0]"
degas,degas_0064,1.68539,56.14535,72.33708,"[255.0, 255.0, 191.0]","[63.0, 63.0, 63.0]","[255.0, 255.0, 255.0]","[191.0, 191.0, 191.0]","[127.0, 127.0, 127.0]"
degas,degas_0065,0.79365,0.0,0.0,"[127.0, 127.0, 63.0]","[255.0, 191.0, 63.0]","[63.0, 63.0, 0.0]","[127.0, 63.0, 63.0]","[63.0, 63.0, 63.0]"
degas,degas_0066,1.32743,0.01737,0.19469,"[191.0, 127.0, 63.0]","[63.0, 63.0, 63.0]","[0.0, 0.0, 0.0]","[127.0, 127.0, 127.0]","[127.0, 63.0, 63.0]"
degas,degas_0067,1.32743,0.00563,0.0354,"[63.0, 0.0, 0.0]","[63.0, 63.0, 63.0]","[191.0, 127.0, 63.0]","[127.0, 63.0, 63.0]","[191.0, 63.0, 0.0]"
degas,degas_0068,0.63291,0.39474,0.04219,"[255.0, 191.0, 127.0]","[127.0, 127.0, 63.0]","[191.0, 127.0, 63.0]","[191.0, 191.0, 127.0]","[127.0, 63.0, 63.0]"
degas,degas_0069,1.27119,0.0,0.0,"[63.0, 0.0, 63.0]","[127.0, 63.0, 63.0]","[0.0, 0.0, 0.0]","[191.0, 127.0, 127.0]","[63.0, 63.0, 63.0]"
degas,degas_0070,1.32743,0.01498,0.23599,"[191.0, 191.0, 191.0]","[63.0, 0.0, 0.0]","[127.0, 63.0, 63.0]","[191.0, 127.0, 127.0]","[0.0, 0.0, 0.0]"
degas,degas_0072,1.20968,0.0,0.0,"[191.0, 127.0, 127.0]","[63.0, 0.0, 0.0]","[127.0, 63.0, 0.0]","[63.0, 63.0, 0.0]","[127.0, 63.0, 63.0]"
degas,degas_0073,1.2931,0.00178,0.03448,"[127.0, 63.0, 63.0]","[63.0, 0.0, 0.0]","[127.0, 127.0, 127.0]","[0.0, 0.0, 0.0]","[63.0, 63.0, 63.0]"
degas,degas_0074,1.2605,0.0,0.0,"[127.0, 63.0, 63.0]","[63.0, 0.0, 0.0]","[191.0, 191.0, 127.0]","[0.0, 0.0, 0.0]","[63.0, 63.0, 63.0]"
degas,degas_0075,1.28205,0.0,0.0,"[191.0, 127.0, 63.0]","[63.0, 63.0, 63.0]","[255.0, 127.0, 127.0]","[191.0, 127.0, 127.0]","[127.0, 63.0, 63.0]"
degas,degas_0076,1.35135,0.0,0.0,"[255.0, 191.0, 63.0]","[127.0, 127.0, 63.0]","[63.0, 63.0, 63.0]","[63.0, 63.0, 0.0]","[127.0, 63.0, 63.0]"
degas,degas_0077,1.32743,0.0,0.0,"[63.0, 0.0, 0.0]","[191.0, 127.0, 127.0]","[63.0, 63.0, 63.0]","[191.0, 191.0, 191.0]","[127.0, 127.0, 127.0]"
degas,degas_0078,1.33929,0.0,0.0,"[63.0, 63.0, 63.0]","[191.0, 127.0, 63.0]","[0.0, 0.0, 0.0]","[63.0, 0.0, 0.0]","[127.0, 63.0, 63.0]"
degas,degas_0079,0.75,0.37912,0.23,"[127.0, 127.0, 127.0]","[191.0, 191.0, 191.0]","[63.0, 63.0, 63.0]","[191.0, 191.0, 127.0]","[191.0, 127.0, 127.0]"
degas,degas_0080,1.2,0.0,0.0,"[127.0, 63.0, 63.0]","[191.0, 127.0, 63.0]","[0.0, 0.0, 0.0]","[63.0, 63.0, 63.0]","[63.0, 0.0, 0.0]"
degas,degas_0081,1.63043,0.10413,0.98551,"[255.0, 191.0, 191.0]","[0.0, 0.0, 0.0]","[191.0, 127.0, 127.0]","[63.0, 63.0, 63.0]","[255.0, 255.0, 191.0]"
degas,degas_0082,1.875,0.0,0.0,"[0.0, 0.0, 0.0]","[127.0, 127.0, 127.0]","[63.0, 63.0, 63.0]","[191.0, 191.0, 191.0]","[0.0, 0.0, 63.0]"
degas,degas_0083,1.33929,0.04545,0.04762,"[127.0, 63.0, 0.0]","[191.0, 127.0, 63.0]","[191.0, 191.0, 191.0]","[127.0, 127.0, 0.0]","[63.0, 127.0, 127.0]"
degas,degas_0084,0.81522,0.0,0.0,"[63.0, 63.0, 63.0]","[63.0, 0.0, 0.0]","[127.0, 127.0, 63.0]","[191.0, 191.0, 127.0]","[127.0, 63.0, 63.0]"
degas,degas_0085,0.89286,0.39839,0.78571,"[127.0, 127.0, 63.0]","[63.0, 63.0, 63.0]","[191.0, 191.0, 191.0]","[127.0, 63.0, 63.0]","[127.0, 127.0, 127.0]"
degas,degas_0086,1.36364,0.0,0.0,"[191.0, 127.0, 63.0]","[0.0, 0.0, 0.0]","[63.0, 63.0, 0.0]","[127.0, 63.0, 63.0]","[63.0, 0.0, 0.0]"
degas,degas_0088,0.78125,0.0,0.0,"[127.0, 127.0, 127.0]","[127.0, 63.0, 63.0]","[63.0, 0.0, 0.0]","[191.0, 191.0, 191.0]","[191.0, 127.0, 127.0]"
degas,degas_0089,1.25,0.00028,0.00556,"[63.0, 0.0, 0.0]","[127.0, 127.0, 63.0]","[127.0, 63.0, 63.0]","[0.0, 0.0, 0.0]","[63.0, 63.0, 0.0]"
degas,degas_0090,1.59574,0.0,0.0,"[63.0, 63.0, 63.0]","[127.0, 127.0, 127.0]","[0.0, 0.0, 0.0]","[127.0, 63.0, 63.0]","[191.0, 191.0, 191.0]"
degas,degas_0091,0.79787,0.0,0.0,"[0.0, 0.0, 63.0]","[191.0, 127.0, 127.0]","[0.0, 0.0, 0.0]","[63.0, 63.0, 63.0]","[127.0, 127.0, 127.0]"
degas,degas_0092,0.66667,0.0,0.0,"[191.0, 191.0, 127.0]","[63.0, 63.0, 63.0]","[191.0, 127.0, 127.0]","[191.0, 127.0, 63.0]","[127.0, 127.0, 127.0]"
degas,degas_0093,1.13636,0.0,0.0,"[63.0, 0.0, 0.0]","[191.0, 127.0, 127.0]","[0.0, 0.0, 0.0]","[63.0, 63.0, 63.0]","[191.0, 127.0, 63.0]"
degas,degas_0094,0.67568,0.0,0.0,"[63.0, 127.0, 127.0]","[127.0, 63.0, 63.0]","[63.0, 63.0, 127.0]","[63.0, 63.0, 63.0]","[127.0, 127.0, 63.0]"
degas,degas_0095,0.62241,5.15068,1.04011,"[191.0, 191.0, 127.0]","[63.0, 63.0, 63.0]","[127.0, 63.0, 63.0]","[255.0, 255.0, 191.0]","[127.0, 127.0, 127.0]"
degas,degas_0096,0.91463,0.0,0.0,"[127.0, 63.0, 63.0]","[0.0, 0.0, 0.0]","[191.0, 127.0, 63.0]","[63.0, 63.0, 63.0]","[127.0, 127.0, 63.0]"
degas,degas_0097,0.81967,0.0,0.0,"[255.0, 191.0, 127.0]","[63.0, 63.0, 0.0]","[191.0, 127.0, 63.0]","[255.0, 255.0, 191.0]","[63.0, 63.0, 63.0]"
degas,degas_0099,1.59574,0.0,0.0,"[255.0, 191.0, 127.0]","[63.0, 0.0, 0.0]","[127.0, 63.0, 63.0]","[191.0, 127.0, 63.0]","[63.0, 63.0, 63.0]"
degas,degas_0100,1.59574,0.00768,0.05674,"[63.0, 63.0, 63.0]","[191.0, 127.0, 127.0]","[255.0, 191.0, 127.0]","[63.0, 0.0, 0.0]","[127.0, 63.0, 63.0]"
degas,degas_0103,0.74257,0.0,0.0,"[63.0, 63.0, 0.0]","[127.0, 127.0, 127.0]","[63.0, 63.0, 63.0]","[191.0, 191.0, 191.0]","[127.0, 63.0, 63.0]"
degas,degas_0104,1.2931,0.53226,0.18966,"[127.0, 127.0, 63.0]","[191.0, 191.0, 191.0]","[63.0, 63.0, 63.0]","[255.0, 191.0, 191.0]","[191.0, 191.0, 127.0]"
degas,degas_0105,1.22951,0.0,0.0,"[0.0, 0.0, 0.0]","[127.0, 127.0, 63.0]","[63.0, 63.0, 63.0]","[63.0, 0.0, 0.0]","[191.0, 191.0, 127.0]"
degas,degas_0106,1.6129,190.66038,72.43728,"[255.0, 255.0, 255.0]","[127.0, 127.0, 127.0]","[191.0, 191.0, 191.0]","[63.0, 63.0, 63.0]","[255.0, 255.0, 191.0]"
degas,degas_0108,1.2605,0.0,0.0,"[127.0, 63.0, 0.0]","[191.0, 127.0, 63.0]","[63.0, 0.0, 0.0]","[191.0, 191.0, 191.0]","[0.0, 0.0, 0.0]"
degas,degas_0109,0.76923,0.05296,0.05812,"[0.0, 63.0, 63.0]","[191.0, 127.0, 63.0]","[63.0, 63.0, 63.0]","[255.0, 127.0, 63.0]","[127.0, 63.0, 63.0]"
degas,degas_0110,1.37615,2588.6,79.16208,"[255.0, 255.0, 255.0]","[127.0, 127.0, 127.0]","[191.0, 191.0, 191.0]","[255.0, 191.0, 191.0]","[255.0, 255.0, 191.0]"
degas,degas_0111,0.80645,0.0,0.0,"[127.0, 63.0, 63.0]","[63.0, 0.0, 0.0]","[127.0, 127.0, 127.0]","[63.0, 63.0, 63.0]","[127.0, 127.0, 63.0]"
degas,degas_0113,0.76531,1.01689,2.04762,"[255.0, 191.0, 191.0]","[127.0, 63.0, 63.0]","[63.0, 0.0, 0.0]","[191.0, 127.0, 63.0]","[63.0, 63.0, 63.0]"
degas,degas_0115,0.71429,0.31579,0.20952,"[63.0, 63.0, 63.0]","[191.0, 191.0, 127.0]","[127.0, 127.0, 63.0]","[255.0, 191.0, 191.0]","[63.0, 63.0, 0.0]"
degas,degas_0116,0.73171,0.83333,0.06504,"[191.0, 191.0, 191.0]","[63.0, 63.0, 63.0]","[127.0, 127.0, 63.0]","[127.0, 63.0, 63.0]","[191.0, 127.0, 127.0]"
degas,degas_0117,0.70423,0.0,0.0,"[127.0, 63.0, 63.0]","[191.0, 191.0, 127.0]","[0.0, 0.0, 0.0]","[63.0, 63.0, 63.0]","[191.0, 127.0, 127.0]"
degas,degas_0118,0.79787,0.0,0.0,"[127.0, 63.0, 63.0]","[191.0, 191.0, 127.0]","[0.0, 0.0, 0.0]","[63.0, 63.0, 63.0]","[127.0, 127.0, 63.0]"
degas,degas_0119,0.83333,0.00052,0.00741,"[127.0, 127.0, 63.0]","[0.0, 0.0, 0.0]","[191.0, 191.0, 127.0]","[63.0, 63.0, 63.0]","[63.0, 0.0, 0.0]"
degas,degas_0120,0.81081,0.0,0.0,"[127.0, 63.0, 63.0]","[127.0, 191.0, 191.0]","[63.0, 0.0, 0.0]","[63.0, 63.0, 63.0]","[191.0, 127.0, 127.0]"
degas,degas_0121,1.2931,0.0,0.0,"[255.0, 191.0, 191.0]","[63.0, 63.0, 63.0]","[127.0, 127.0, 63.0]","[191.0, 191.0, 127.0]","[63.0, 63.0, 0.0]"
degas,degas_0122,1.23967,0.0,0.0,"[0.0, 0.0, 0.0]","[63.0, 63.0, 63.0]","[63.0, 0.0, 0.0]","[127.0, 127.0, 63.0]","[63.0, 63.0, 0.0]"
degas,degas_0123,1.36364,0.00088,0.00606,"[63.0, 0.0, 0.0]","[127.0, 63.0, 63.0]","[191.0, 127.0, 127.0]","[63.0, 63.0, 63.0]","[63.0, 63.0, 0.0]"
degas,degas_0124,0.64103,0.0,0.0,"[127.0, 127.0, 63.0]","[255.0, 255.0, 191.0]","[63.0, 63.0, 0.0]","[191.0, 191.0, 127.0]","[191.0, 191.0, 191.0]"
degas,degas_0125,1.6129,0.0,0.0,"[191.0, 63.0, 0.0]","[63.0, 0.0, 0.0]","[127.0, 63.0, 0.0]","[127.0, 0.0, 0.0]","[191.0, 127.0, 0.0]"
degas,degas_0126,1.2931,0.0,0.0,"[191.0, 127.0, 127.0]","[63.0, 0.0, 0.0]","[63.0, 63.0, 63.0]","[191.0, 191.0, 191.0]","[127.0, 63.0, 63.0]"
degas,degas_0127,0.9375,0.0,0.0,"[63.0, 63.0, 0.0]","[191.0, 191.0, 127.0]","[0.0, 0.0, 0.0]","[127.0, 127.0, 63.0]","[63.0, 0.0, 0.0]"
degas,degas_0128,0.74627,0.37024,0.35489,"[127.0, 191.0, 191.0]","[63.0, 63.0, 63.0]","[191.0, 191.0, 191.0]","[191.0, 191.0, 255.0]","[0.0, 63.0, 63.0]"
degas,degas_0130,0.71429,0.35542,0.1873,"[191.0, 191.0, 127.0]","[63.0, 63.0, 63.0]","[127.0, 127.0, 63.0]","[127.0, 63.0, 63.0]","[191.0, 191.0, 191.0]"
degas,degas_0131,1.32743,0.0,0.0,"[127.0, 63.0, 63.0]","[255.0, 191.0, 127.0]","[127.0, 127.0, 127.0]","[63.0, 63.0, 63.0]","[191.0, 127.0, 127.0]"
degas,degas_0132,1.31579,0.04348,0.00585,"[127.0, 63.0, 63.0]","[255.0, 191.0, 127.0]","[191.0, 127.0, 127.0]","[255.0, 191.0, 191.0]","[191.0, 191.0, 127.0]"
degas,degas_0133,1.37615,0.05364,0.08563,"[63.0, 63.0, 63.0]","[127.0, 127.0, 127.0]","[127.0, 127.0, 63.0]","[0.0, 63.0, 63.0]","[191.0, 191.0, 127.0]"
degas,degas_0134,0.87209,0.0,0.0,"[63.0, 0.0, 63.0]","[127.0, 127.0, 127.0]","[0.0, 0.0, 0.0]","[63.0, 63.0, 63.0]","[127.0, 63.0, 63.0]"
degas,degas_0135,1.27119,0.0,0.0,"[127.0, 127.0, 63.0]","[0.0, 0.0, 0.0]","[255.0, 255.0, 191.0]","[255.0, 191.0, 127.0]","[63.0, 0.0, 0.0]"
degas,degas_0136,1.33929,0.0,0.0,"[0.0, 0.0, 0.0]","[127.0, 127.0, 63.0]","[63.0, 63.0, 0.0]","[127.0, 127.0, 127.0]","[63.0, 127.0, 63.0]"
degas,degas_0137,0.75758,152.70213,24.16498,"[255.0, 255.0, 255.0]","[127.0, 127.0, 63.0]","[255.0, 191.0, 127.0]","[191.0, 127.0, 63.0]","[63.0, 63.0, 0.0]"
degas,degas_0138,0.81967,0.0,0.0,"[63.0, 63.0, 63.0]","[191.0, 127.0, 127.0]","[63.0, 0.0, 0.0]","[191.0, 191.0, 127.0]","[127.0, 63.0, 63.0]"
degas,degas_0139,1.38889,0.0,0.0,"[127.0, 0.0, 0.0]","[191.0, 191.0, 191.0]","[63.0, 0.0, 0.0]","[127.0, 63.0, 63.0]","[0.0, 0.0, 0.0]"
degas,degas_0140,0.81967,0.0,0.0,"[191.0, 127.0, 63.0]","[63.0, 0.0, 0.0]","[127.0, 63.0, 63.0]","[127.0, 127.0, 63.0]","[63.0, 63.0, 0.0]"
degas,degas_0141,1.21951,0.0,0.0,"[191.0, 127.0, 63.0]","[63.0, 63.0, 63.0]","[0.0, 0.0, 0.0]","[127.0, 127.0, 63.0]","[63.0, 63.0, 0.0]"
degas,degas_0143,1.33929,0.0,0.0,"[191.0, 127.0, 63.0]","[63.0, 63.0, 63.0]","[0.0, 0.0, 0.0]","[191.0, 127.0, 127.0]","[127.0, 63.0, 63.0]"
degas,degas_0144,0.65502,0.39823,0.65502,"[127.0, 127.0, 63.0]","[191.0, 191.0, 127.0]","[63.0, 63.0, 0.0]","[191.0, 191.0, 191.0]","[127.0, 63.0, 63.0]"
degas,degas_0147,0.81967,0.01852,0.01821,"[191.0, 191.0, 191.0]","[127.0, 63.0, 63.0]","[191.0, 191.0, 127.0]","[63.0, 63.0, 0.0]","[191.0, 127.0, 127.0]"
degas,degas_0148,0.79365,0.0095,0.01411,"[127.0, 127.0, 63.0]","[255.0, 127.0, 127.0]","[191.0, 127.0, 63.0]","[63.0, 63.0, 63.0]","[191.0, 127.0, 127.0]"
degas,degas_0149,1.57895,0.0,0.0,"[191.0, 191.0, 127.0]","[127.0, 63.0, 63.0]","[63.0, 63.0, 63.0]","[127.0, 127.0, 63.0]","[63.0, 63.0, 0.0]"
degas,degas_0150,0.7177,0.0,0.0,"[127.0, 127.0, 63.0]","[63.0, 63.0, 0.0]","[0.0, 0.0, 0.0]","[63.0, 0.0, 0.0]","[127.0, 63.0, 0.0]"
degas,degas_0151,0.87209,5.30496,2.89922,"[127.0, 127.0, 63.0]","[191.0, 255.0, 255.0]","[191.0, 191.0, 127.0]","[63.0, 63.0, 63.0]","[127.0, 127.0, 127.0]"
degas,degas_0152,0.78534,0.0,0.0,"[63.0, 63.0, 127.0]","[63.0, 127.0, 127.0]","[191.0, 191.0, 191.0]","[0.0, 0.0, 0.0]","[63.0, 63.0, 63.0]"
degas,degas_0153,0.78947,0.02396,0.45965,"[127.0, 63.0, 63.0]","[0.0, 0.0, 0.0]","[191.0, 191.0, 191.0]","[63.0, 63.0, 63.0]","[127.0, 127.0, 63.0]"
degas,degas_0154,0.76531,0.0,0.0,"[127.0, 63.0, 63.0]","[63.0, 0.0, 0.0]","[127.0, 127.0, 63.0]","[191.0, 127.0, 63.0]","[63.0, 63.0, 63.0]"
degas,degas_0155,1.35135,0.00315,0.1021,"[63.0, 0.0, 0.0]","[191.0, 191.0, 191.0]","[0.0, 0.0, 0.0]","[127.0, 127.0, 127.0]","[63.0, 63.0, 63.0]"
degas,degas_0156,1.32743,0.0,0.0,"[191.0, 127.0, 63.0]","[127.0, 63.0, 0.0]","[63.0, 0.0, 0.0]","[127.0, 63.0, 63.0]","[127.0, 127.0, 63.0]"
degas,degas_0157,1.36364,0.52273,0.41818,"[191.0, 191.0, 127.0]","[127.0, 63.0, 63.0]","[127.0, 127.0, 63.0]","[63.0, 63.0, 0.0]","[255.0, 255.0, 191.0]"
degas,degas_0158,1.28205,0.0,0.0,"[191.0, 191.0, 127.0]","[127.0, 63.0, 0.0]","[191.0, 191.0, 63.0]","[191.0, 127.0, 63.0]","[63.0, 0.0, 0.0]"
degas,degas_0159,1.37615,0.0,0.0,"[63.0, 0.0, 0.0]","[127.0, 127.0, 127.0]","[63.0, 63.0, 63.0]","[127.0, 127.0, 63.0]","[191.0, 191.0, 127.0]"
degas,degas_0160,1.37615,0.0,0.0,"[127.0, 63.0, 63.0]","[191.0, 191.0, 127.0]","[191.0, 127.0, 63.0]","[63.0, 0.0, 0.0]","[191.0, 127.0, 127.0]"
degas,degas_0161,0.81522,3.06491,6.32971,"[255.0, 255.0, 191.0]","[127.0, 63.0, 63.0]","[191.0, 191.0, 127.0]","[63.0, 63.0, 0.0]","[63.0, 63.0, 63.0]"
degas,degas_0162,1.25,0.0,0.0,"[191.0, 191.0, 63.0]","[191.0, 127.0, 63.0]","[63.0, 63.0, 0.0]","[191.0, 191.0, 127.0]","[255.0, 191.0, 127.0]"
degas,degas_0163,1.2931,0.0,0.0,"[63.0, 63.0, 63.0]","[191.0, 191.0, 127.0]","[0.0, 0.0, 0.0]","[127.0, 127.0, 63.0]","[191.0, 127.0, 63.0]"
degas,degas_0164,0.81081,0.0,0.0,"[0.0, 0.0, 0.0]","[191.0, 127.0, 63.0]","[63.0, 63.0, 63.0]","[127.0, 127.0, 63.0]","[127.0, 63.0, 63.0]"
degas,degas_0165,0.76531,0.0,0.0,"[191.0, 127.0, 127.0]","[63.0, 0.0, 0.0]","[127.0, 63.0, 63.0]","[0.0, 0.0, 0.0]","[127.0, 127.0, 63.0]"
degas,degas_0166,0.81522,3.03819,6.34058,"[127.0, 63.0, 63.0]","[255.0, 255.0, 191.0]","[63.0, 63.0, 0.0]","[63.0, 63.0, 63.0]","[191.0, 191.0, 127.0]"
degas,degas_0167,0.80214,11.4,2.64171,"[191.0, 127.0, 63.0]","[63.0, 63.0, 0.0]","[255.0, 255.0, 191.0]","[127.0, 63.0, 0.0]","[191.0, 191.0, 127.0]"
degas,degas_0168,1.08696,0.0,0.0,"[191.0, 191.0, 127.0]","[63.0, 63.0, 63.0]","[127.0, 127.0, 63.0]","[0.0, 0.0, 0.0]","[127.0, 63.0, 63.0]"
degas,degas_0169,1.15385,0.0,0.0,"[127.0, 127.0, 63.0]","[63.0, 63.0, 63.0]","[191.0, 191.0, 127.0]","[127.0, 127.0, 127.0]","[127.0, 63.0, 63.0]"
degas,degas_0170,0.7177,0.0,0.0,"[127.0, 63.0, 63.0]","[191.0, 127.0, 127.0]","[63.0, 0.0, 0.0]","[255.0, 191.0, 191.0]","[0.0, 0.0, 0.0]"
degas,degas_0171,0.79365,0.0,0.0,"[63.0, 63.0, 0.0]","[191.0, 191.0, 63.0]","[0.0, 0.0, 0.0]","[127.0, 127.0, 63.0]","[127.0, 63.0, 0.0]"
degas,degas_0172,1.30435,0.0,0.0,"[63.0, 0.0, 63.0]","[63.0, 63.0, 63.0]","[191.0, 191.0, 191.0]","[0.0, 0.0, 0.0]","[127.0, 127.0, 127.0]"
degas,degas_0173,1.22951,0.0,0.0,"[0.0, 0.0, 63.0]","[127.0, 127.0, 63.0]","[63.0, 63.0, 63.0]","[191.0, 191.0, 127.0]","[0.0, 0.0, 0.0]"
degas,degas_0174,0.87719,0.0,0.0,"[0.0, 0.0, 0.0]","[127.0, 127.0, 63.0]","[63.0, 63.0, 0.0]","[191.0, 191.0, 127.0]","[63.0, 0.0, 0.0]"
degas,degas_0175,0.80214,0.01002,0.02139,"[127.0, 63.0, 63.0]","[191.0, 191.0, 127.0]","[63.0, 63.0, 0.0]","[127.0, 127.0, 63.0]","[63.0, 63.0, 63.0]"
degas,degas_0176,0.66079,0.0,0.0,"[0.0, 0.0, 0.0]","[127.0, 127.0, 63.0]","[191.0, 127.0, 0.0]","[63.0, 63.0, 0.0]","[191.0, 127.0, 63.0]"
degas,degas_0177,1.41509,0.0,0.0,"[63.0, 63.0, 63.0]","[63.0, 0.0, 0.0]","[127.0, 127.0, 127.0]","[63.0, 63.0, 0.0]","[127.0, 63.0, 63.0]"
degas,degas_0178,0.78125,0.47621,3.47569,"[63.0, 63.0, 63.0]","[255.0, 255.0, 191.0]","[191.0, 191.0, 63.0]","[127.0, 127.0, 63.0]","[63.0, 0.0, 0.0]"
degas,degas_0179,1.47059,0.86595,3.6732,"[63.0, 63.0, 63.0]","[255.0, 191.0, 191.0]","[191.0, 127.0, 127.0]","[127.0, 63.0, 63.0]","[0.0, 0.0, 0.0]"
degas,degas_0180,1.15385,0.0,0.0,"[191.0, 127.0, 127.0]","[63.0, 0.0, 0.0]","[191.0, 127.0, 63.0]","[63.0, 63.0, 63.0]","[255.0, 127.0, 127.0]"
degas,degas_0181,0.72464,0.0,0.0,"[63.0, 0.0, 0.0]","[127.0, 127.0, 63.0]","[63.0, 63.0, 63.0]","[191.0, 127.0, 127.0]","[127.0, 63.0, 63.0]"
degas,degas_0182,0.82873,0.00019,0.00737,"[63.0, 0.0, 0.0]","[127.0, 63.0, 63.0]","[0.0, 0.0, 0.0]","[191.0, 127.0, 127.0]","[63.0, 63.0, 63.0]"
degas,degas_0183,1.21951,0.0,0.0,"[63.0, 0.0, 0.0]","[63.0, 63.0, 63.0]","[0.0, 0.0, 0.0]","[191.0, 127.0, 63.0]","[63.0, 63.0, 0.0]"
degas,degas_0184,1.37615,0.0,0.0,"[127.0, 127.0, 63.0]","[63.0, 0.0, 0.0]","[127.0, 127.0, 127.0]","[63.0, 63.0, 63.0]","[191.0, 191.0, 127.0]"
degas,degas_0185,0.67873,0.0,0.0,"[127.0, 127.0, 127.0]","[0.0, 0.0, 0.0]","[127.0, 63.0, 63.0]","[63.0, 0.0, 0.0]","[63.0, 63.0, 63.0]"
degas,degas_0186,0.41096,0.08197,0.07306,"[127.0, 191.0, 127.0]","[63.0, 63.0, 63.0]","[127.0, 127.0, 63.0]","[191.0, 255.0, 127.0]","[63.0, 127.0, 63.0]"
degas,degas_0187,1.27119,0.0,0.0,"[63.0, 63.0, 63.0]","[127.0, 127.0, 127.0]","[127.0, 127.0, 63.0]","[0.0, 0.0, 0.0]","[127.0, 63.0, 63.0]"
degas,degas_0188,1.80723,0.0,0.0,"[63.0, 63.0, 63.0]","[63.0, 0.0, 0.0]","[127.0, 127.0, 63.0]","[63.0, 63.0, 0.0]","[127.0, 63.0, 63.0]"
degas,degas_0189,0.83799,0.00929,0.0298,"[127.0, 127.0, 63.0]","[127.0, 63.0, 63.0]","[191.0, 191.0, 127.0]","[0.0, 0.0, 0.0]","[63.0, 63.0, 63.0]"
degas,degas_0190,0.75758,0.0,0.0,"[191.0, 191.0, 191.0]","[63.0, 63.0, 63.0]","[127.0, 127.0, 63.0]","[63.0, 127.0, 63.0]","[127.0, 63.0, 63.0]"
degas,degas_0191,1.36364,0.11842,0.10909,"[63.0, 0.0, 0.0]","[191.0, 191.0, 191.0]","[127.0, 127.0, 63.0]","[63.0, 63.0, 63.0]","[63.0, 63.0, 0.0]"
degas,degas_0192,1.20968,0.14921,0.25269,"[63.0, 0.0, 0.0]","[191.0, 127.0, 127.0]","[127.0, 63.0, 63.0]","[255.0, 191.0, 191.0]","[191.0, 191.0, 127.0]"
degas,degas_0193,0.76142,0.0,0.0,"[63.0, 63.0, 63.0]","[191.0, 191.0, 191.0]","[0.0, 0.0, 0.0]","[127.0, 63.0, 63.0]","[191.0, 127.0, 127.0]"
degas,degas_0194,1.37615,0.0,0.0,"[191.0, 191.0, 63.0]","[63.0, 63.0, 63.0]","[127.0, 127.0, 127.0]","[127.0, 127.0, 63.0]","[127.0, 63.0, 63.0]"
degas,degas_0195,0.5618,0.69079,3.24095,"[255.0, 191.0, 63.0]","[63.0, 0.0, 0.0]","[255.0, 191.0, 127.0]","[255.0, 255.0, 191.0]","[191.0, 127.0, 63.0]"
degas,degas_0196,1.35135,0.0863,0.55255,"[127.0, 63.0, 63.0]","[63.0, 63.0, 63.0]","[127.0, 127.0, 127.0]","[0.0, 0.0, 0.0]","[191.0, 191.0, 191.0]"
degas,degas_0197,1.94805,0.0,0.0,"[0.0, 0.0, 0.0]","[191.0, 191.0, 63.0]","[63.0, 63.0, 63.0]","[191.0, 127.0, 63.0]","[191.0, 191.0, 127.0]"
degas,degas_0198,0.78534,0.66667,0.02792,"[127.0, 127.0, 127.0]","[191.0, 191.0, 191.0]","[191.0, 127.0, 127.0]","[127.0, 63.0, 63.0]","[191.0, 191.0, 127.0]"
degas,degas_0199,1.02041,0.0,0.0,"[127.0, 127.0, 127.0]","[63.0, 63.0, 63.0]","[191.0, 191.0, 127.0]","[127.0, 127.0, 63.0]","[191.0, 191.0, 191.0]"
degas,degas_0200,0.75377,0.0,0.0,"[127.0, 127.0, 63.0]","[63.0, 63.0, 0.0]","[127.0, 127.0, 127.0]","[127.0, 63.0, 63.0]","[191.0, 191.0, 127.0]"
degas,degas_0201,1.33929,0.2,0.4881,"[127.0, 63.0, 63.0]","[191.0, 191.0, 191.0]","[127.0, 127.0, 127.0]","[63.0, 63.0, 63.0]","[0.0, 0.0, 0.0]"
degas,degas_0202,0.92593,0.05263,0.00412,"[127.0, 63.0, 63.0]","[191.0, 191.0, 127.0]","[63.0, 63.0, 63.0]","[127.0, 127.0, 63.0]","[191.0, 191.0, 63.0]"
degas,degas_0203,1.5625,0.01961,0.13194,"[191.0, 127.0, 127.0]","[63.0, 63.0, 63.0]","[63.0, 0.0, 0.0]","[255.0, 191.0, 191.0]","[127.0, 127.0, 63.0]"
degas,degas_0204,1.25,0.0,0.0,"[0.0, 0.0, 63.0]","[63.0, 63.0, 63.0]","[127.0, 127.0, 63.0]","[191.0, 191.0, 127.0]","[0.0, 63.0, 63.0]"
degas,degas_0205,1.27119,3.07018,2.9661,"[63.0, 0.0, 0.0]","[191.0, 191.0, 191.0]","[191.0, 127.0, 63.0]","[63.0, 63.0, 63.0]","[255.0, 191.0, 191.0]"
degas,degas_0207,1.13636,0.0,0.0,"[63.0, 63.0, 63.0]","[191.0, 127.0, 63.0]","[127.0, 63.0, 63.0]","[191.0, 191.0, 127.0]","[63.0, 63.0, 0.0]"
degas,degas_0209,0.75758,35.52381,5.02357,"[127.0, 127.0, 63.0]","[191.0, 191.0, 191.0]","[255.0, 255.0, 191.0]","[127.0, 127.0, 127.0]","[63.0, 63.0, 63.0]"
degas,degas_0210,0.52265,0.0,0.0,"[63.0, 63.0, 63.0]","[191.0, 127.0, 127.0]","[127.0, 63.0, 63.0]","[0.0, 0.0, 0.0]","[191.0, 127.0, 63.0]"
degas,degas_0211,1.25,0.17647,0.01667,"[63.0, 63.0, 127.0]","[191.0, 191.0, 191.0]","[127.0, 127.0, 127.0]","[63.0, 127.0, 127.0]","[63.0, 63.0, 63.0]"
degas,degas_0213,0.68807,0.0,0.0,"[191.0, 191.0, 127.0]","[63.0, 63.0, 0.0]","[191.0, 127.0, 63.0]","[127.0, 63.0, 63.0]","[127.0, 63.0, 0.0]"
degas,degas_0214,1.36364,0.0,0.0,"[0.0, 0.0, 0.0]","[191.0, 191.0, 127.0]","[255.0, 191.0, 191.0]","[127.0, 127.0, 63.0]","[63.0, 63.0, 63.0]"
degas,degas_0215,1.36364,8.0,0.29091,"[63.0, 63.0, 63.0]","[191.0, 127.0, 63.0]","[255.0, 191.0, 191.0]","[127.0, 63.0, 63.0]","[63.0, 63.0, 0.0]"
degas,degas_0216,0.72816,0.5,0.01942,"[191.0, 191.0, 191.0]","[127.0, 63.0, 63.0]","[127.0, 127.0, 127.0]","[63.0, 63.0, 63.0]","[191.0, 127.0, 127.0]"
degas,degas_0217,1.47059,0.0,0.0,"[191.0, 191.0, 127.0]","[63.0, 63.0, 63.0]","[63.0, 0.0, 0.0]","[127.0, 127.0, 63.0]","[127.0, 63.0, 63.0]"
degas,degas_0218,0.73529,0.00604,0.00654,"[127.0, 127.0, 127.0]","[63.0, 0.0, 0.0]","[127.0, 63.0, 63.0]","[191.0, 191.0, 127.0]","[191.0, 127.0, 127.0]"
degas,degas_0219,0.75,1.93913,2.97333,"[127.0, 127.0, 63.0]","[191.0, 191.0, 191.0]","[63.0, 63.0, 63.0]","[191.0, 191.0, 127.0]","[255.0, 255.0, 191.0]"
degas,degas_0220,1.38889,0.0,0.0,"[63.0, 63.0, 0.0]","[191.0, 191.0, 127.0]","[191.0, 127.0, 63.0]","[127.0, 63.0, 63.0]","[63.0, 0.0, 0.0]"
degas,degas_0221,0.71429,7.78571,0.69206,"[191.0, 127.0, 63.0]","[255.0, 191.0, 127.0]","[127.0, 63.0, 0.0]","[255.0, 255.0, 191.0]","[63.0, 63.0, 0.0]"
degas,degas_0222,0.69124,4.1215,1.35484,"[255.0, 255.0, 191.0]","[63.0, 63.0, 63.0]","[191.0, 191.0, 127.0]","[127.0, 127.0, 63.0]","[63.0, 63.0, 0.0]"
degas,degas_0223,0.68807,0.01072,0.07339,"[63.0, 0.0, 63.0]","[127.0, 127.0, 127.0]","[191.0, 191.0, 191.0]","[0.0, 0.0, 0.0]","[63.0, 63.0, 63.0]"
degas,degas_0224,0.49669,0.03515,0.24945,"[127.0, 127.0, 63.0]","[255.0, 191.0, 191.0]","[63.0, 63.0, 63.0]","[191.0, 127.0, 127.0]","[0.0, 0.0, 0.0]"
degas,degas_0225,0.44118,0.01153,0.01373,"[191.0, 191.0, 191.0]","[127.0, 127.0, 63.0]","[191.0, 191.0, 127.0]","[63.0, 63.0, 0.0]","[127.0, 127.0, 127.0]"
degas,degas_0226,1.05634,0.18676,0.74178,"[63.0, 0.0, 63.0]","[191.0, 191.0, 191.0]","[127.0, 127.0, 127.0]","[63.0, 63.0, 63.0]","[127.0, 63.0, 63.0]"
degas,degas_0227,1.76471,0.0,0.0,"[63.0, 0.0, 0.0]","[191.0, 191.0, 191.0]","[63.0, 63.0, 63.0]","[127.0, 63.0, 63.0]","[127.0, 127.0, 127.0]"
degas,degas_0228,1.37615,0.0,0.0,"[63.0, 63.0, 63.0]","[191.0, 191.0, 191.0]","[63.0, 63.0, 0.0]","[127.0, 127.0, 63.0]","[127.0, 63.0, 63.0]"
degas,degas_0229,0.76923,0.0,0.0,"[191.0, 191.0, 127.0]","[63.0, 127.0, 63.0]","[127.0, 127.0, 127.0]","[127.0, 191.0, 127.0]","[63.0, 63.0, 63.0]"
degas,degas_0231,1.37615,0.45833,0.40367,"[127.0, 127.0, 127.0]","[63.0, 63.0, 63.0]","[127.0, 127.0, 63.0]","[191.0, 127.0, 127.0]","[191.0, 191.0, 191.0]"
degas,degas_0232,1.36364,1.02684,12.29091,"[0.0, 0.0, 0.0]","[127.0, 127.0, 191.0]","[191.0, 191.0, 191.0]","[255.0, 255.0, 255.0]","[63.0, 63.0, 63.0]"
degas,degas_0233,1.92308,7.0,0.05983,"[127.0, 63.0, 63.0]","[191.0, 191.0, 127.0]","[127.0, 127.0, 63.0]","[191.0, 191.0, 191.0]","[127.0, 127.0, 127.0]"
degas,degas_0234,0.79365,0.0,0.0,"[191.0, 191.0, 63.0]","[63.0, 63.0, 0.0]","[255.0, 191.0, 127.0]","[127.0, 63.0, 63.0]","[63.0, 0.0, 0.0]"
degas,degas_0235,0.73529,3.02847,2.78105,"[127.0, 63.0, 63.0]","[255.0, 255.0, 191.0]","[63.0, 63.0, 63.0]","[63.0, 63.0, 0.0]","[255.0, 191.0, 63.0]"
degas,degas_0236,0.83799,0.34158,0.25698,"[127.0, 127.0, 63.0]","[63.0, 63.0, 63.0]","[63.0, 63.0, 0.0]","[127.0, 127.0, 127.0]","[191.0, 191.0, 191.0]"
degas,degas_0238,1.57895,3.40741,0.64561,"[191.0, 191.0, 191.0]","[127.0, 127.0, 63.0]","[191.0, 127.0, 127.0]","[127.0, 127.0, 127.0]","[63.0, 63.0, 63.0]"
degas,degas_0242,1.14504,0.02646,0.05089,"[127.0, 127.0, 127.0]","[63.0, 63.0, 63.0]","[191.0, 191.0, 191.0]","[127.0, 63.0, 63.0]","[63.0, 63.0, 0.0]"
degas,degas_0244,1.25,0.0,0.0,"[127.0, 63.0, 63.0]","[63.0, 0.0, 0.0]","[191.0, 127.0, 127.0]","[63.0, 63.0, 63.0]","[127.0, 127.0, 63.0]"
degas,degas_0245,0.48077,203.0,0.43376,"[255.0, 191.0, 191.0]","[127.0, 127.0, 63.0]","[127.0, 63.0, 63.0]","[191.0, 127.0, 127.0]","[191.0, 191.0, 191.0]"
degas,degas_0246,1.36364,0.0,0.0,"[191.0, 191.0, 191.0]","[63.0, 63.0, 63.0]","[191.0, 127.0, 127.0]","[191.0, 191.0, 127.0]","[127.0, 127.0, 127.0]"
degas,degas_0248,2.45902,2.64972,5.12568,"[127.0, 63.0, 63.0]","[255.0, 255.0, 255.0]","[63.0, 127.0, 127.0]","[191.0, 191.0, 191.0]","[63.0, 63.0, 63.0]"
degas,degas_0249,1.72414,0.0,0.0,"[63.0, 127.0, 127.0]","[63.0, 0.0, 63.0]","[63.0, 63.0, 63.0]","[127.0, 63.0, 63.0]","[127.0, 127.0, 127.0]"
degas,degas_0250,1.5,30.06667,3.00667,"[191.0, 191.0, 127.0]","[63.0, 63.0, 63.0]","[191.0, 191.0, 191.0]","[127.0, 127.0, 127.0]","[255.0, 255.0, 255.0]"
degas,degas_0251,0.86207,0.55769,0.11111,"[127.0, 127.0, 127.0]","[191.0, 191.0, 191.0]","[127.0, 63.0, 0.0]","[191.0, 191.0, 127.0]","[191.0, 63.0, 0.0]"
degas,degas_0252,0.62241,0.0,0.0,"[127.0, 127.0, 63.0]","[0.0, 0.0, 0.0]","[63.0, 63.0, 63.0]","[191.0, 127.0, 127.0]","[127.0, 63.0, 63.0]"
degas,degas_0253,1.12782,23.8,1.78947,"[63.0, 63.0, 63.0]","[191.0, 191.0, 191.0]","[191.0, 127.0, 63.0]","[191.0, 191.0, 127.0]","[127.0, 63.0, 63.0]"
degas,degas_0254,0.69124,0.0,0.0,"[63.0, 0.0, 0.0]","[191.0, 127.0, 63.0]","[127.0, 63.0, 0.0]","[191.0, 191.0, 127.0]","[127.0, 63.0, 63.0]"
degas,degas_0255,1.0274,0.0,0.0,"[127.0, 127.0, 63.0]","[0.0, 0.0, 0.0]","[191.0, 191.0, 127.0]","[63.0, 63.0, 63.0]","[63.0, 63.0, 0.0]"
degas,degas_0256,1.1811,0.00796,0.01575,"[63.0, 63.0, 63.0]","[191.0, 191.0, 191.0]","[255.0, 191.0, 191.0]","[127.0, 127.0, 63.0]","[255.0, 255.0, 191.0]"
degas,degas_0257,1.48515,0.21266,1.41914,"[127.0, 63.0, 63.0]","[191.0, 191.0, 191.0]","[63.0, 63.0, 63.0]","[127.0, 127.0, 127.0]","[0.0, 0.0, 0.0]"
degas,degas_0258,1.47059,122.5,1.60131,"[191.0, 191.0, 191.0]","[127.0, 63.0, 63.0]","[191.0, 191.0, 127.0]","[255.0, 255.0, 191.0]","[191.0, 127.0, 63.0]"
degas,degas_0259,1.32743,8.55556,0.90855,"[191.0, 191.0, 191.0]","[127.0, 63.0, 63.0]","[127.0, 127.0, 63.0]","[191.0, 191.0, 127.0]","[63.0, 63.0, 63.0]"
degas,degas_0261,1.16279,7.5,0.54264,"[127.0, 191.0, 127.0]","[63.0, 63.0, 63.0]","[127.0, 127.0, 63.0]","[191.0, 191.0, 191.0]","[191.0, 191.0, 127.0]"
degas,degas_0262,1.5,2.05682,1.20667,"[63.0, 63.0, 63.0]","[191.0, 191.0, 127.0]","[191.0, 127.0, 63.0]","[255.0, 255.0, 191.0]","[127.0, 63.0, 63.0]"
degas,degas_0263,0.75377,0.0,0.0,"[191.0, 127.0, 127.0]","[63.0, 63.0, 63.0]","[127.0, 127.0, 127.0]","[0.0, 0.0, 0.0]","[191.0, 191.0, 191.0]"
degas,degas_0264,0.75758,0.84992,3.50842,"[63.0, 0.0, 0.0]","[191.0, 191.0, 127.0]","[127.0, 127.0, 63.0]","[255.0, 255.0, 191.0]","[191.0, 127.0, 127.0]"
degas,degas_0265,1.28205,0.0,0.0,"[191.0, 127.0, 63.0]","[127.0, 127.0, 127.0]","[63.0, 63.0, 63.0]","[191.0, 127.0, 127.0]","[127.0, 63.0, 63.0]"
degas,degas_0266,1.14504,0.0,0.0,"[127.0, 63.0, 63.0]","[191.0, 127.0, 127.0]","[0.0, 0.0, 0.0]","[191.0, 191.0, 127.0]","[63.0, 63.0, 63.0]"
degas,degas_0268,0.90909,0.0,0.0,"[127.0, 127.0, 127.0]","[63.0, 0.0, 0.0]","[63.0, 63.0, 63.0]","[127.0, 63.0, 63.0]","[191.0, 191.0, 191.0]"
degas,degas_0269,1.35135,0.37778,0.2042,"[127.0, 127.0, 63.0]","[191.0, 191.0, 191.0]","[63.0, 63.0, 63.0]","[127.0, 127.0, 127.0]","[191.0, 127.0, 127.0]"
degas,degas_0271,0.70423,0.0,0.0,"[127.0, 127.0, 127.0]","[63.0, 63.0, 0.0]","[191.0, 191.0, 191.0]","[127.0, 127.0, 63.0]","[127.0, 63.0, 63.0]"
degas,degas_0272,1.41509,0.0,0.0,"[127.0, 127.0, 127.0]","[63.0, 63.0, 63.0]","[63.0, 63.0, 0.0]","[127.0, 127.0, 63.0]","[127.0, 63.0, 63.0]"
degas,degas_0273,1.04895,0.13347,1.2028,"[255.0, 191.0, 127.0]","[127.0, 63.0, 63.0]","[191.0, 127.0, 63.0]","[0.0, 0.0, 0.0]","[255.0, 191.0, 63.0]"
degas,degas_0274,1.5,0.75714,0.70667,"[191.0, 191.0, 191.0]","[127.0, 63.0, 63.0]","[255.0, 191.0, 127.0]","[191.0, 191.0, 127.0]","[127.0, 127.0, 63.0]"
degas,degas_0275,1.5625,0.0,0.0,"[127.0, 127.0, 63.0]","[191.0, 127.0, 127.0]","[63.0, 0.0, 0.0]","[127.0, 127.0, 127.0]","[63.0, 63.0, 63.0]"
degas,degas_0276,1.38889,0.0,0.0,"[127.0, 63.0, 63.0]","[191.0, 127.0, 63.0]","[127.0, 63.0, 0.0]","[191.0, 63.0, 63.0]","[127.0, 127.0, 63.0]"
degas,degas_0277,1.32743,0.0,0.0,"[127.0, 63.0, 63.0]","[191.0, 127.0, 127.0]","[63.0, 63.0, 0.0]","[191.0, 191.0, 127.0]","[127.0, 127.0, 63.0]"
degas,degas_0278,1.37615,0.0,0.0,"[191.0, 127.0, 63.0]","[63.0, 63.0, 63.0]","[127.0, 127.0, 127.0]","[191.0, 191.0, 127.0]","[0.0, 0.0, 0.0]"
degas,degas_0279,1.45631,0.0,0.0,"[127.0, 127.0, 63.0]","[191.0, 127.0, 127.0]","[191.0, 191.0, 127.0]","[63.0, 63.0, 63.0]","[127.0, 63.0, 63.0]"
degas,degas_0280,1.37615,0.77778,0.04281,"[191.0, 191.0, 191.0]","[63.0, 127.0, 63.0]","[63.0, 63.0, 63.0]","[127.0, 127.0, 127.0]","[127.0, 127.0, 63.0]"
degas,degas_0282,1.31579,0.0,0.0,"[191.0, 191.0, 127.0]","[63.0, 63.0, 0.0]","[63.0, 63.0, 63.0]","[191.0, 127.0, 63.0]","[127.0, 127.0, 63.0]"
degas,degas_0283,1.48515,0.0,0.0,"[127.0, 127.0, 63.0]","[63.0, 0.0, 0.0]","[191.0, 191.0, 127.0]","[127.0, 63.0, 63.0]","[63.0, 63.0, 0.0]"
degas,degas_0285,1.33929,0.03831,0.11905,"[191.0, 127.0, 63.0]","[63.0, 63.0, 0.0]","[63.0, 127.0, 127.0]","[191.0, 191.0, 127.0]","[127.0, 127.0, 0.0]"
degas,degas_0286,0.76142,0.0,0.0,"[127.0, 63.0, 0.0]","[63.0, 0.0, 0.0]","[191.0, 127.0, 63.0]","[63.0, 63.0, 0.0]","[127.0, 127.0, 63.0]"
degas,degas_0287,0.75758,0.0,0.0,"[63.0, 63.0, 63.0]","[255.0, 191.0, 127.0]","[63.0, 0.0, 0.0]","[127.0, 63.0, 63.0]","[0.0, 0.0, 0.0]"
degas,degas_0288,1.21951,0.0,0.0,"[191.0, 127.0, 63.0]","[191.0, 191.0, 191.0]","[63.0, 63.0, 63.0]","[191.0, 191.0, 127.0]","[63.0, 0.0, 0.0]"
degas,degas_0289,0.88235,0.0085,0.01176,"[191.0, 191.0, 191.0]","[127.0, 63.0, 63.0]","[191.0, 127.0, 127.0]","[127.0, 127.0, 127.0]","[63.0, 0.0, 0.0]"
degas,degas_0290,1.35135,0.75,0.73874,"[255.0, 255.0, 191.0]","[191.0, 127.0, 63.0]","[63.0, 63.0, 63.0]","[255.0, 191.0, 63.0]","[191.0, 191.0, 63.0]"
degas,degas_0291,0.78534,0.04286,0.05236,"[255.0, 255.0, 191.0]","[127.0, 63.0, 63.0]","[191.0, 127.0, 63.0]","[63.0, 63.0, 63.0]","[127.0, 127.0, 63.0]"
degas,degas_0292,1.22951,0.0,0.0,"[127.0, 127.0, 63.0]","[63.0, 0.0, 0.0]","[63.0, 63.0, 63.0]","[127.0, 127.0, 127.0]","[127.0, 63.0, 63.0]"
degas,degas_0293,1.33929,0.0,0.0,"[63.0, 63.0, 127.0]","[63.0, 63.0, 63.0]","[127.0, 63.0, 63.0]","[63.0, 0.0, 0.0]","[127.0, 127.0, 127.0]"
degas,degas_0294,1.36364,0.0,0.0,"[127.0, 127.0, 63.0]","[63.0, 63.0, 0.0]","[191.0, 191.0, 127.0]","[127.0, 63.0, 63.0]","[191.0, 127.0, 63.0]"
degas,degas_0295,0.76142,0.25,0.01354,"[127.0, 63.0, 63.0]","[191.0, 127.0, 127.0]","[127.0, 127.0, 127.0]","[191.0, 191.0, 191.0]","[63.0, 63.0, 0.0]"
degas,degas_0296,1.40187,0.15347,0.19315,"[127.0, 63.0, 63.0]","[191.0, 191.0, 127.0]","[63.0, 0.0, 0.0]","[191.0, 127.0, 63.0]","[63.0, 63.0, 63.0]"
degas,degas_0298,1.54639,3.88889,0.24055,"[191.0, 191.0, 191.0]","[127.0, 127.0, 63.0]","[191.0, 191.0, 127.0]","[191.0, 127.0, 127.0]","[63.0, 63.0, 63.0]"
degas,degas_0300,1.17188,0.0,0.0,"[63.0, 63.0, 63.0]","[191.0, 191.0, 127.0]","[127.0, 127.0, 127.0]","[0.0, 0.0, 0.0]","[127.0, 63.0, 63.0]"
degas,degas_0301,0.73892,2.40625,1.01149,"[191.0, 127.0, 127.0]","[191.0, 127.0, 63.0]","[127.0, 63.0, 63.0]","[63.0, 0.0, 0.0]","[191.0, 191.0, 191.0]"
degas,degas_0302,0.81967,0.00195,0.00364,"[63.0, 0.0, 0.0]","[127.0, 63.0, 63.0]","[127.0, 127.0, 127.0]","[63.0, 63.0, 63.0]","[191.0, 127.0, 127.0]"
degas,degas_0305,2.02703,0.00609,0.34234,"[63.0, 0.0, 0.0]","[191.0, 191.0, 191.0]","[0.0, 0.0, 0.0]","[63.0, 63.0, 63.0]","[127.0, 127.0, 127.0]"
degas,degas_0306,1.30435,0.0,0.0,"[127.0, 63.0, 63.0]","[191.0, 191.0, 127.0]","[63.0, 63.0, 63.0]","[127.0, 127.0, 127.0]","[127.0, 127.0, 63.0]"
degas,degas_0307,0.66667,0.0,0.0,"[63.0, 0.0, 0.0]","[191.0, 127.0, 127.0]","[63.0, 63.0, 63.0]","[127.0, 63.0, 63.0]","[127.0, 127.0, 63.0]"
degas,degas_0309,1.2,0.0,0.0,"[127.0, 127.0, 127.0]","[191.0, 127.0, 127.0]","[127.0, 63.0, 63.0]","[63.0, 63.0, 63.0]","[191.0, 191.0, 191.0]"
degas,degas_0310,1.00671,0.01012,0.05817,"[63.0, 63.0, 0.0]","[127.0, 127.0, 63.0]","[191.0, 191.0, 191.0]","[63.0, 63.0, 63.0]","[127.0, 63.0, 63.0]"
degas,degas_0311,0.88235,0.0,0.0,"[127.0, 63.0, 63.0]","[63.0, 0.0, 0.0]","[191.0, 127.0, 63.0]","[63.0, 63.0, 0.0]","[63.0, 63.0, 63.0]"
degas,degas_0312,1.00671,0.0,0.0,"[191.0, 191.0, 127.0]","[63.0, 63.0, 0.0]","[0.0, 0.0, 0.0]","[127.0, 127.0, 63.0]","[63.0, 63.0, 63.0]"
degas,degas_0313,0.76142,0.0,0.0,"[63.0, 0.0, 0.0]","[127.0, 127.0, 63.0]","[63.0, 63.0, 63.0]","[127.0, 127.0, 127.0]","[127.0, 63.0, 63.0]"
degas,degas_0314,1.51515,0.0,0.0,"[127.0, 127.0, 127.0]","[127.0, 63.0, 63.0]","[191.0, 127.0, 63.0]","[127.0, 127.0, 63.0]","[63.0, 63.0, 63.0]"
degas,degas_0315,1.54639,332.59375,73.14777,"[255.0, 255.0, 255.0]","[127.0, 127.0, 127.0]","[191.0, 191.0, 191.0]","[63.0, 63.0, 63.0]","[255.0, 191.0, 191.0]"
degas,degas_0316,0.7772,0.0,0.0,"[191.0, 191.0, 191.0]","[0.0, 63.0, 63.0]","[127.0, 127.0, 127.0]","[63.0, 63.0, 63.0]","[0.0, 0.0, 63.0]"
degas,degas_0317,1.5625,0.0,0.0,"[127.0, 127.0, 127.0]","[127.0, 63.0, 63.0]","[63.0, 63.0, 63.0]","[191.0, 191.0, 127.0]","[63.0, 0.0, 0.0]"
degas,degas_0318,0.76142,0.00586,0.01354,"[127.0, 127.0, 127.0]","[191.0, 191.0, 191.0]","[63.0, 63.0, 63.0]","[0.0, 0.0, 0.0]","[191.0, 127.0, 127.0]"
degas,degas_0319,0.68182,0.05522,0.44545,"[191.0, 191.0, 191.0]","[63.0, 63.0, 63.0]","[191.0, 191.0, 127.0]","[0.0, 0.0, 0.0]","[127.0, 127.0, 63.0]"
degas,degas_0320,0.75,0.0,0.0,"[0.0, 0.0, 0.0]","[127.0, 127.0, 127.0]","[63.0, 63.0, 63.0]","[63.0, 63.0, 0.0]","[191.0, 127.0, 127.0]"
degas,degas_0321,0.92025,0.0,0.0,"[63.0, 63.0, 0.0]","[191.0, 127.0, 63.0]","[127.0, 127.0, 63.0]","[127.0, 63.0, 63.0]","[63.0, 63.0, 63.0]"
degas,degas_0322,1.6129,0.0,0.0,"[191.0, 191.0, 127.0]","[63.0, 63.0, 63.0]","[0.0, 0.0, 0.0]","[127.0, 127.0, 127.0]","[127.0, 127.0, 63.0]"
degas,degas_0323,0.74257,0.02695,0.06271,"[127.0, 127.0, 127.0]","[63.0, 63.0, 0.0]","[127.0, 127.0, 63.0]","[63.0, 63.0, 63.0]","[191.0, 191.0, 191.0]"
degas,degas_0324,1.66667,0.0,0.0,"[255.0, 191.0, 127.0]","[63.0, 63.0, 63.0]","[191.0, 127.0, 63.0]","[127.0, 63.0, 63.0]","[127.0, 127.0, 63.0]"
degas,degas_0325,0.87719,0.08633,0.68226,"[127.0, 63.0, 63.0]","[63.0, 0.0, 0.0]","[191.0, 127.0, 127.0]","[255.0, 191.0, 191.0]","[63.0, 63.0, 0.0]"
degas,degas_0326,0.86705,0.0,0.0,"[63.0, 63.0, 63.0]","[127.0, 127.0, 0.0]","[127.0, 127.0, 127.0]","[63.0, 63.0, 0.0]","[191.0, 127.0, 0.0]"
degas,degas_0327,1.35135,0.0,0.0,"[191.0, 127.0, 63.0]","[127.0, 127.0, 63.0]","[63.0, 63.0, 63.0]","[127.0, 127.0, 127.0]","[191.0, 191.0, 127.0]"
degas,degas_0328,0.75,0.0,0.0,"[191.0, 127.0, 63.0]","[63.0, 63.0, 63.0]","[127.0, 127.0, 63.0]","[0.0, 0.0, 0.0]","[63.0, 63.0, 0.0]"
degas,degas_0329,0.75,0.0,0.0,"[63.0, 63.0, 0.0]","[127.0, 127.0, 63.0]","[63.0, 63.0, 63.0]","[0.0, 0.0, 0.0]","[191.0, 127.0, 127.0]"
degas,degas_0330,0.36675,8.57919,3.09046,"[63.0, 63.0, 63.0]","[255.0, 255.0, 191.0]","[127.0, 127.0, 63.0]","[191.0, 191.0, 191.0]","[191.0, 127.0, 63.0]"
degas,degas_0331,1.51515,644.47368,82.45791,"[255.0, 191.0, 191.0]","[255.0, 255.0, 255.0]","[63.0, 63.0, 63.0]","[191.0, 191.0, 191.0]","[127.0, 127.0, 127.0]"
degas,degas_0332,0.87719,0.00457,0.06628,"[0.0, 0.0, 0.0]","[127.0, 127.0, 63.0]","[191.0, 191.0, 127.0]","[63.0, 63.0, 63.0]","[63.0, 63.0, 0.0]"
degas,degas_0333,1.54639,28.1,7.72509,"[191.0, 191.0, 127.0]","[191.0, 191.0, 191.0]","[63.0, 63.0, 63.0]","[255.0, 255.0, 191.0]","[127.0, 127.0, 127.0]"
degas,degas_0334,1.38889,0.52,0.64198,"[127.0, 63.0, 63.0]","[191.0, 191.0, 191.0]","[127.0, 127.0, 127.0]","[63.0, 63.0, 63.0]","[191.0, 127.0, 127.0]"
degas,degas_0335,1.54639,0.06061,0.01375,"[127.0, 127.0, 63.0]","[191.0, 191.0, 191.0]","[63.0, 63.0, 63.0]","[127.0, 127.0, 127.0]","[191.0, 191.0, 127.0]"
degas,degas_0336,1.30435,0.0,0.0,"[191.0, 191.0, 127.0]","[63.0, 0.0, 0.0]","[127.0, 63.0, 63.0]","[191.0, 127.0, 63.0]","[255.0, 191.0, 127.0]"
degas,degas_0337,1.31579,0.0,0.0,"[191.0, 127.0, 127.0]","[191.0, 191.0, 191.0]","[63.0, 63.0, 63.0]","[127.0, 63.0, 63.0]","[191.0, 191.0, 127.0]"
degas,degas_0338,1.05634,0.38356,0.26291,"[191.0, 191.0, 127.0]","[127.0, 127.0, 63.0]","[127.0, 127.0, 127.0]","[63.0, 63.0, 63.0]","[191.0, 191.0, 191.0]"
degas,degas_0339,1.32743,0.0,0.0,"[191.0, 127.0, 127.0]","[255.0, 191.0, 191.0]","[63.0, 63.0, 63.0]","[191.0, 191.0, 127.0]","[127.0, 63.0, 63.0]"
degas,degas_0340,0.75,0.0,0.0,"[191.0, 127.0, 63.0]","[63.0, 0.0, 0.0]","[191.0, 191.0, 127.0]","[191.0, 63.0, 0.0]","[127.0, 63.0, 0.0]"
degas,degas_0341,0.68493,0.0,0.0,"[191.0, 191.0, 127.0]","[127.0, 63.0, 63.0]","[63.0, 63.0, 63.0]","[63.0, 0.0, 0.0]","[127.0, 127.0, 63.0]"
degas,degas_0342,0.54545,0.0,0.0,"[191.0, 127.0, 127.0]","[127.0, 127.0, 63.0]","[63.0, 63.0, 63.0]","[127.0, 63.0, 63.0]","[127.0, 127.0, 127.0]"
degas,degas_0343,1.36364,29.125,1.41212,"[127.0, 63.0, 63.0]","[191.0, 191.0, 191.0]","[127.0, 127.0, 127.0]","[63.0, 63.0, 127.0]","[63.0, 63.0, 63.0]"
degas,degas_0344,0.64103,0.0,0.0,"[63.0, 63.0, 63.0]","[191.0, 191.0, 127.0]","[0.0, 0.0, 0.0]","[127.0, 127.0, 63.0]","[191.0, 127.0, 127.0]"
degas,degas_0345,0.97403,0.0,0.0,"[63.0, 0.0, 0.0]","[127.0, 127.0, 63.0]","[191.0, 127.0, 63.0]","[127.0, 63.0, 63.0]","[191.0, 191.0, 127.0]"
degas,degas_0346,1.10294,0.0,0.0,"[191.0, 191.0, 191.0]","[63.0, 63.0, 63.0]","[191.0, 191.0, 127.0]","[127.0, 63.0, 63.0]","[191.0, 127.0, 127.0]"
degas,degas_0347,0.72816,0.10585,0.12298,"[127.0, 63.0, 63.0]","[127.0, 127.0, 127.0]","[191.0, 127.0, 63.0]","[63.0, 63.0, 0.0]","[191.0, 191.0, 127.0]"
degas,degas_0348,1.6129,0.0,0.0,"[63.0, 63.0, 63.0]","[127.0, 127.0, 63.0]","[63.0, 63.0, 0.0]","[127.0, 127.0, 127.0]","[127.0, 63.0, 63.0]"
degas,degas_0349,1.27119,4.0,0.0452,"[127.0, 127.0, 127.0]","[63.0, 63.0, 63.0]","[191.0, 191.0, 127.0]","[191.0, 191.0, 191.0]","[127.0, 63.0, 63.0]"
degas,degas_0350,0.80645,0.0,0.0,"[127.0, 127.0, 63.0]","[127.0, 63.0, 63.0]","[191.0, 191.0, 127.0]","[63.0, 63.0, 0.0]","[191.0, 127.0, 63.0]"
degas,degas_0352,0.90361,0.0,0.0,"[63.0, 0.0, 0.0]","[191.0, 63.0, 0.0]","[191.0, 191.0, 63.0]","[127.0, 63.0, 0.0]","[191.0, 191.0, 191.0]"
degas,degas_0353,0.8427,0.0,0.0,"[191.0, 127.0, 63.0]","[127.0, 63.0, 63.0]","[191.0, 191.0, 127.0]","[191.0, 63.0, 63.0]","[191.0, 127.0, 127.0]"
degas,degas_0354,0.82873,2.12195,1.60221,"[191.0, 127.0, 127.0]","[63.0, 63.0, 63.0]","[191.0, 191.0, 191.0]","[127.0, 127.0, 63.0]","[191.0, 191.0, 127.0]"
degas,degas_0355,0.47619,0.0,0.0,"[63.0, 63.0, 63.0]","[191.0, 127.0, 127.0]","[63.0, 0.0, 0.0]","[127.0, 127.0, 127.0]","[127.0, 63.0, 63.0]"
degas,degas_0356,0.82873,0.0,0.0,"[127.0, 127.0, 127.0]","[127.0, 63.0, 63.0]","[191.0, 127.0, 127.0]","[63.0, 63.0, 63.0]","[63.0, 0.0, 0.0]"
degas,degas_0357,0.82873,0.00035,0.00737,"[127.0, 63.0, 63.0]","[0.0, 0.0, 0.0]","[191.0, 191.0, 191.0]","[63.0, 63.0, 63.0]","[127.0, 63.0, 0.0]"
degas,degas_0358,1.35135,0.0,0.0,"[127.0, 127.0, 63.0]","[63.0, 63.0, 63.0]","[191.0, 191.0, 127.0]","[127.0, 127.0, 127.0]","[0.0, 0.0, 0.0]"
degas,degas_0359,0.55147,0.0,0.0,"[127.0, 127.0, 63.0]","[191.0, 191.0, 127.0]","[63.0, 63.0, 0.0]","[191.0, 127.0, 63.0]","[127.0, 63.0, 0.0]"
degas,degas_0360,0.90361,0.00125,0.00803,"[63.0, 63.0, 63.0]","[191.0, 127.0, 63.0]","[127.0, 127.0, 127.0]","[0.0, 0.0, 0.0]","[191.0, 191.0, 127.0]"
degas,degas_0361,1.13636,0.0,0.0,"[127.0, 127.0, 63.0]","[63.0, 63.0, 63.0]","[63.0, 127.0, 63.0]","[191.0, 191.0, 127.0]","[127.0, 127.0, 127.0]"
degas,degas_0362,1.31579,0.0,0.0,"[63.0, 63.0, 63.0]","[191.0, 127.0, 63.0]","[127.0, 127.0, 127.0]","[127.0, 63.0, 63.0]","[63.0, 0.0, 0.0]"
degas,degas_0363,1.48515,0.0,0.0,"[127.0, 127.0, 63.0]","[127.0, 63.0, 63.0]","[191.0, 127.0, 127.0]","[127.0, 127.0, 127.0]","[63.0, 63.0, 63.0]"
degas,degas_0364,1.57895,0.03922,0.01404,"[191.0, 191.0, 127.0]","[63.0, 63.0, 63.0]","[191.0, 127.0, 127.0]","[191.0, 191.0, 191.0]","[127.0, 127.0, 127.0]"
degas,degas_0365,1.05634,0.0,0.0,"[127.0, 63.0, 63.0]","[63.0, 63.0, 63.0]","[191.0, 127.0, 63.0]","[191.0, 127.0, 127.0]","[0.0, 0.0, 0.0]"
degas,degas_0366,1.08696,0.0,0.0,"[63.0, 0.0, 0.0]","[127.0, 127.0, 127.0]","[127.0, 63.0, 63.0]","[191.0, 191.0, 191.0]","[63.0, 63.0, 63.0]"
degas,degas_0367,1.42857,0.0,0.0,"[63.0, 0.0, 0.0]","[191.0, 127.0, 63.0]","[127.0, 63.0, 63.0]","[0.0, 0.0, 0.0]","[63.0, 63.0, 0.0]"
degas,degas_0368,0.76531,0.0,0.0,"[127.0, 127.0, 63.0]","[127.0, 63.0, 63.0]","[191.0, 127.0, 63.0]","[63.0, 63.0, 0.0]","[191.0, 127.0, 127.0]"
degas,degas_0369,0.8427,0.00687,0.02247,"[191.0, 127.0, 127.0]","[63.0, 63.0, 63.0]","[191.0, 63.0, 63.0]","[127.0, 63.0, 63.0]","[0.0, 0.0, 0.0]"
degas,degas_0370,1.21951,0.0,0.0,"[127.0, 127.0, 63.0]","[63.0, 63.0, 63.0]","[127.0, 63.0, 63.0]","[191.0, 191.0, 127.0]","[191.0, 127.0, 63.0]"
degas,degas_0371,1.04167,0.0,0.0,"[127.0, 63.0, 63.0]","[127.0, 127.0, 127.0]","[63.0, 0.0, 0.0]","[63.0, 63.0, 63.0]","[191.0, 127.0, 127.0]"
degas,degas_0372,1.2931,0.0,0.0,"[191.0, 127.0, 127.0]","[63.0, 63.0, 63.0]","[191.0, 127.0, 63.0]","[127.0, 127.0, 63.0]","[191.0, 191.0, 127.0]"
degas,degas_0373,1.89873,0.29333,0.18565,"[63.0, 63.0, 63.0]","[191.0, 191.0, 127.0]","[63.0, 63.0, 0.0]","[127.0, 127.0, 127.0]","[127.0, 63.0, 63.0]"
degas,degas_0374,1.42857,0.02353,0.0127,"[127.0, 63.0, 63.0]","[127.0, 127.0, 63.0]","[63.0, 63.0, 63.0]","[63.0, 63.0, 0.0]","[191.0, 191.0, 127.0]"
degas,degas_0375,1.63043,4.83333,1.8913,"[191.0, 255.0, 255.0]","[63.0, 63.0, 63.0]","[127.0, 127.0, 127.0]","[191.0, 191.0, 191.0]","[127.0, 127.0, 63.0]"
degas,degas_0376,0.78125,0.0,0.0,"[127.0, 63.0, 0.0]","[191.0, 127.0, 127.0]","[191.0, 127.0, 63.0]","[127.0, 63.0, 63.0]","[63.0, 63.0, 0.0]"
degas,degas_0377,1.59574,0.88889,0.05674,"[63.0, 63.0, 127.0]","[191.0, 191.0, 127.0]","[191.0, 127.0, 127.0]","[127.0, 127.0, 63.0]","[0.0, 63.0, 63.0]"
degas,degas_0378,0.73171,0.0,0.0,"[63.0, 63.0, 0.0]","[127.0, 63.0, 63.0]","[63.0, 0.0, 0.0]","[63.0, 63.0, 63.0]","[191.0, 127.0, 127.0]"
degas,degas_0379,0.82418,10.06889,17.66667,"[63.0, 63.0, 63.0]","[255.0, 255.0, 191.0]","[127.0, 127.0, 63.0]","[191.0, 191.0, 127.0]","[255.0, 255.0, 255.0]"
degas,degas_0380,0.82418,0.0,0.0,"[63.0, 0.0, 0.0]","[127.0, 127.0, 63.0]","[63.0, 63.0, 63.0]","[127.0, 63.0, 63.0]","[191.0, 127.0, 127.0]"
degas,degas_0381,1.02041,0.0,0.0,"[63.0, 0.0, 0.0]","[191.0, 127.0, 63.0]","[63.0, 63.0, 0.0]","[127.0, 63.0, 0.0]","[63.0, 63.0, 63.0]"
degas,degas_0382,0.84746,0.0,0.0,"[63.0, 63.0, 0.0]","[191.0, 127.0, 127.0]","[127.0, 127.0, 63.0]","[63.0, 63.0, 63.0]","[127.0, 63.0, 63.0]"
degas,degas_0383,1.08696,0.0,0.0,"[191.0, 191.0, 127.0]","[63.0, 0.0, 63.0]","[191.0, 127.0, 63.0]","[191.0, 127.0, 127.0]","[127.0, 63.0, 63.0]"
degas,degas_0384,1.06383,0.0,0.0,"[255.0, 255.0, 191.0]","[63.0, 63.0, 63.0]","[191.0, 191.0, 127.0]","[127.0, 127.0, 127.0]","[191.0, 191.0, 191.0]"
degas,degas_0389,1.45631,0.0,0.0,"[127.0, 127.0, 127.0]","[127.0, 127.0, 63.0]","[191.0, 191.0, 191.0]","[63.0, 63.0, 63.0]","[191.0, 191.0, 127.0]"
degas,degas_0390,1.37615,51.0,0.31193,"[127.0, 63.0, 63.0]","[255.0, 191.0, 191.0]","[191.0, 127.0, 63.0]","[127.0, 63.0, 0.0]","[63.0, 63.0, 63.0]"
degas,degas_0392,1.01351,0.0,0.0,"[191.0, 191.0, 191.0]","[63.0, 63.0, 63.0]","[191.0, 191.0, 127.0]","[191.0, 127.0, 127.0]","[0.0, 0.0, 0.0]"
degas,degas_0393,1.14504,0.008,0.02545,"[127.0, 63.0, 63.0]","[191.0, 191.0, 191.0]","[63.0, 0.0, 0.0]","[127.0, 127.0, 127.0]","[63.0, 63.0, 63.0]"
degas,degas_0396,1.89873,0.0,0.0,"[63.0, 63.0, 0.0]","[191.0, 127.0, 127.0]","[127.0, 63.0, 63.0]","[0.0, 0.0, 0.0]","[63.0, 63.0, 63.0]"
degas,degas_0397,1.38889,0.0,0.0,"[127.0, 63.0, 63.0]","[191.0, 191.0, 191.0]","[63.0, 0.0, 0.0]","[127.0, 127.0, 63.0]","[63.0, 63.0, 63.0]"
degas,degas_0399,0.89286,0.0,0.0,"[127.0, 127.0, 127.0]","[127.0, 63.0, 63.0]","[191.0, 191.0, 127.0]","[191.0, 127.0, 63.0]","[127.0, 127.0, 63.0]"
degas,degas_0400,1.53061,0.0,0.0,"[191.0, 191.0, 127.0]","[63.0, 63.0, 63.0]","[255.0, 191.0, 127.0]","[127.0, 127.0, 127.0]","[255.0, 191.0, 191.0]"
degas,degas_0401,1.32743,0.0,0.0,"[191.0, 127.0, 63.0]","[127.0, 63.0, 63.0]","[191.0, 191.0, 127.0]","[63.0, 63.0, 63.0]","[63.0, 63.0, 0.0]"
degas,degas_0402,1.48515,0.0,0.0,"[191.0, 127.0, 127.0]","[63.0, 63.0, 63.0]","[191.0, 191.0, 191.0]","[127.0, 127.0, 127.0]","[127.0, 127.0, 191.0]"
degas,degas_0404,1.47059,0.0,0.0,"[63.0, 63.0, 63.0]","[191.0, 127.0, 63.0]","[127.0, 63.0, 63.0]","[127.0, 127.0, 63.0]","[63.0, 0.0, 0.0]"
degas,degas_0405,1.59574,0.00408,0.00709,"[191.0, 127.0, 127.0]","[63.0, 63.0, 63.0]","[127.0, 127.0, 127.0]","[191.0, 191.0, 191.0]","[63.0, 0.0, 63.0]"
degas,degas_0406,0.65502,0.0,0.0,"[127.0, 127.0, 63.0]","[191.0, 191.0, 127.0]","[191.0, 127.0, 63.0]","[127.0, 63.0, 63.0]","[63.0, 63.0, 0.0]"
degas,degas_0407,1.45631,0.0,0.0,"[127.0, 127.0, 127.0]","[63.0, 0.0, 0.0]","[63.0, 63.0, 63.0]","[127.0, 63.0, 63.0]","[127.0, 127.0, 63.0]"
degas,degas_0408,1.2931,0.21635,0.25862,"[63.0, 63.0, 63.0]","[191.0, 191.0, 191.0]","[127.0, 127.0, 127.0]","[0.0, 0.0, 63.0]","[127.0, 127.0, 63.0]"
degas,degas_0409,1.85185,0.0,0.0,"[127.0, 63.0, 63.0]","[127.0, 127.0, 63.0]","[63.0, 0.0, 0.0]","[191.0, 127.0, 127.0]","[63.0, 63.0, 0.0]"
degas,degas_0410,0.4386,0.0,0.0,"[191.0, 63.0, 0.0]","[63.0, 0.0, 0.0]","[191.0, 127.0, 63.0]","[127.0, 63.0, 63.0]","[191.0, 127.0, 127.0]"
degas,degas_0411,0.79787,8.91536,10.08511,"[255.0, 255.0, 255.0]","[191.0, 63.0, 63.0]","[127.0, 63.0, 63.0]","[191.0, 127.0, 127.0]","[191.0, 191.0, 191.0]"
degas,degas_0412,0.78534,0.16959,0.10122,"[127.0, 127.0, 63.0]","[191.0, 127.0, 0.0]","[127.0, 63.0, 0.0]","[191.0, 191.0, 127.0]","[63.0, 63.0, 0.0]"
degas,degas_0413,1.27119,0.0,0.0,"[191.0, 191.0, 127.0]","[63.0, 63.0, 0.0]","[191.0, 127.0, 63.0]","[191.0, 191.0, 63.0]","[127.0, 63.0, 0.0]"
degas,degas_0414,0.72464,0.03322,0.03221,"[191.0, 127.0, 127.0]","[63.0, 63.0, 63.0]","[127.0, 63.0, 63.0]","[63.0, 63.0, 0.0]","[191.0, 127.0, 63.0]"
degas,degas_0415,1.44231,0.0,0.0,"[127.0, 127.0, 63.0]","[127.0, 127.0, 191.0]","[63.0, 63.0, 63.0]","[127.0, 63.0, 63.0]","[127.0, 127.0, 127.0]"
degas,degas_0416,1.2931,0.0,0.0,"[63.0, 0.0, 0.0]","[191.0, 63.0, 0.0]","[127.0, 63.0, 0.0]","[191.0, 127.0, 63.0]","[63.0, 63.0, 0.0]"
degas,degas_0417,1.30435,0.0,0.0,"[127.0, 63.0, 0.0]","[191.0, 191.0, 127.0]","[127.0, 127.0, 63.0]","[191.0, 127.0, 63.0]","[63.0, 0.0, 0.0]"
degas,degas_0418,0.89286,0.16107,0.09524,"[127.0, 63.0, 0.0]","[127.0, 127.0, 63.0]","[63.0, 63.0, 0.0]","[255.0, 191.0, 127.0]","[63.0, 63.0, 63.0]"
degas,degas_0419,1.85185,0.0,0.0,"[191.0, 63.0, 63.0]","[191.0, 191.0, 191.0]","[127.0, 63.0, 63.0]","[191.0, 127.0, 127.0]","[63.0, 0.0, 0.0]"
degas,degas_0420,0.85227,1.32353,0.34091,"[127.0, 63.0, 63.0]","[191.0, 191.0, 191.0]","[191.0, 127.0, 0.0]","[127.0, 63.0, 0.0]","[127.0, 127.0, 127.0]"
degas,degas_0422,0.7772,0.0,0.0,"[127.0, 127.0, 63.0]","[63.0, 63.0, 63.0]","[191.0, 127.0, 127.0]","[127.0, 63.0, 63.0]","[127.0, 127.0, 127.0]"
degas,degas_0425,0.78534,0.0,0.0,"[127.0, 127.0, 63.0]","[191.0, 191.0, 127.0]","[63.0, 63.0, 63.0]","[191.0, 127.0, 63.0]","[191.0, 191.0, 191.0]"
degas,degas_0426,1.41509,0.0,0.0,"[63.0, 63.0, 0.0]","[127.0, 127.0, 127.0]","[127.0, 127.0, 63.0]","[63.0, 63.0, 63.0]","[63.0, 0.0, 0.0]"
degas,degas_0428,0.78125,0.0,0.0,"[63.0, 63.0, 63.0]","[127.0, 127.0, 127.0]","[127.0, 63.0, 63.0]","[191.0, 191.0, 191.0]","[127.0, 127.0, 63.0]"
degas,degas_0429,1.16279,0.78788,0.4031,"[127.0, 63.0, 63.0]","[127.0, 127.0, 63.0]","[191.0, 191.0, 127.0]","[191.0, 127.0, 63.0]","[63.0, 63.0, 63.0]"
degas,degas_0430,0.7732,0.0,0.0,"[63.0, 0.0, 0.0]","[127.0, 63.0, 63.0]","[191.0, 127.0, 63.0]","[63.0, 63.0, 63.0]","[127.0, 127.0, 63.0]"
degas,degas_0432,0.75,0.0,0.0,"[63.0, 63.0, 63.0]","[191.0, 127.0, 191.0]","[63.0, 0.0, 0.0]","[127.0, 127.0, 127.0]","[127.0, 63.0, 63.0]"
degas,degas_0433,1.35135,0.0,0.0,"[127.0, 63.0, 63.0]","[191.0, 127.0, 127.0]","[63.0, 0.0, 0.0]","[191.0, 127.0, 63.0]","[191.0, 191.0, 127.0]"
degas,degas_0434,1.07143,0.0,0.0,"[191.0, 127.0, 63.0]","[0.0, 0.0, 0.0]","[63.0, 63.0, 63.0]","[127.0, 63.0, 63.0]","[191.0, 191.0, 127.0]"
degas,degas_0435,1.47059,0.0,0.0,"[191.0, 191.0, 127.0]","[63.0, 63.0, 0.0]","[127.0, 63.0, 63.0]","[0.0, 0.0, 0.0]","[191.0, 127.0, 127.0]"
degas,degas_0436,0.93168,0.13636,0.02484,"[63.0, 63.0, 63.0]","[255.0, 191.0, 127.0]","[127.0, 127.0, 63.0]","[127.0, 63.0, 63.0]","[191.0, 191.0, 127.0]"
degas,degas_0438,1.25,170.0,3.77778,"[191.0, 191.0, 191.0]","[191.0, 127.0, 127.0]","[127.0, 127.0, 127.0]","[191.0, 191.0, 255.0]","[63.0, 63.0, 63.0]"
degas,degas_0439,1.37615,0.0,0.0,"[63.0, 63.0, 63.0]","[191.0, 127.0, 63.0]","[127.0, 127.0, 63.0]","[191.0, 191.0, 127.0]","[63.0, 63.0, 0.0]"
degas,degas_0440,2.38095,0.0,0.0,"[127.0, 127.0, 63.0]","[63.0, 63.0, 63.0]","[127.0, 127.0, 127.0]","[127.0, 63.0, 63.0]","[255.0, 191.0, 127.0]"
degas,degas_0441,0.67265,0.0,0.0,"[127.0, 63.0, 63.0]","[63.0, 0.0, 0.0]","[63.0, 63.0, 63.0]","[127.0, 127.0, 127.0]","[127.0, 63.0, 0.0]"
degas,degas_0443,0.43478,0.0,0.0,"[63.0, 0.0, 0.0]","[127.0, 63.0, 63.0]","[63.0, 63.0, 63.0]","[191.0, 127.0, 127.0]","[127.0, 127.0, 127.0]"
degas,degas_0444,1.45631,60.42038,61.39806,"[127.0, 127.0, 127.0]","[255.0, 255.0, 255.0]","[63.0, 0.0, 0.0]","[63.0, 63.0, 63.0]","[191.0, 191.0, 191.0]"
degas,degas_0446,1.33929,0.0,0.0,"[127.0, 127.0, 127.0]","[63.0, 63.0, 63.0]","[0.0, 0.0, 63.0]","[191.0, 127.0, 127.0]","[0.0, 63.0, 63.0]"
degas,degas_0448,1.06383,0.03676,0.02364,"[191.0, 127.0, 63.0]","[191.0, 191.0, 191.0]","[63.0, 63.0, 63.0]","[191.0, 127.0, 127.0]","[127.0, 63.0, 63.0]"
degas,degas_0449,0.4386,0.0,0.0,"[127.0, 127.0, 63.0]","[63.0, 63.0, 0.0]","[63.0, 63.0, 63.0]","[63.0, 127.0, 63.0]","[127.0, 127.0, 127.0]"
degas,degas_0450,0.43732,0.0,0.0,"[63.0, 63.0, 63.0]","[127.0, 127.0, 63.0]","[63.0, 63.0, 0.0]","[127.0, 63.0, 63.0]","[191.0, 191.0, 127.0]"
degas,degas_0451,0.75,0.0,0.0,"[0.0, 0.0, 0.0]","[63.0, 63.0, 0.0]","[63.0, 63.0, 63.0]","[127.0, 63.0, 63.0]","[0.0, 63.0, 0.0]"
degas,degas_0452,1.54639,8.45455,0.63918,"[63.0, 63.0, 63.0]","[191.0, 191.0, 191.0]","[127.0, 127.0, 127.0]","[127.0, 127.0, 63.0]","[191.0, 191.0, 127.0]"
degas,degas_0453,0.75,0.0,0.0,"[255.0, 191.0, 127.0]","[127.0, 63.0, 63.0]","[127.0, 127.0, 63.0]","[191.0, 127.0, 63.0]","[63.0, 63.0, 63.0]"
degas,degas_0454,0.70423,0.0,0.0,"[191.0, 127.0, 127.0]","[63.0, 63.0, 0.0]","[127.0, 127.0, 63.0]","[63.0, 0.0, 0.0]","[127.0, 63.0, 63.0]"
degas,degas_0455,1.0,0.0,0.0,"[191.0, 191.0, 127.0]","[63.0, 63.0, 0.0]","[191.0, 127.0, 63.0]","[191.0, 191.0, 191.0]","[127.0, 127.0, 63.0]"
degas,degas_0456,0.92025,0.0,0.0,"[127.0, 127.0, 63.0]","[63.0, 63.0, 63.0]","[63.0, 0.0, 0.0]","[191.0, 127.0, 63.0]","[127.0, 63.0, 63.0]"
degas,degas_0457,1.48515,0.0,0.0,"[127.0, 63.0, 63.0]","[63.0, 0.0, 0.0]","[191.0, 127.0, 127.0]","[0.0, 0.0, 0.0]","[63.0, 63.0, 63.0]"
degas,degas_0459,0.80214,0.0,0.0,"[63.0, 0.0, 0.0]","[191.0, 127.0, 63.0]","[127.0, 63.0, 63.0]","[191.0, 191.0, 127.0]","[63.0, 63.0, 63.0]"
degas,degas_0461,1.30435,0.25,0.02319,"[63.0, 63.0, 63.0]","[127.0, 127.0, 127.0]","[127.0, 127.0, 63.0]","[191.0, 191.0, 191.0]","[191.0, 127.0, 63.0]"
degas,degas_0462,1.07914,3.26111,2.81535,"[127.0, 127.0, 63.0]","[191.0, 191.0, 127.0]","[191.0, 191.0, 191.0]","[127.0, 127.0, 127.0]","[63.0, 63.0, 63.0]"
degas,degas_0463,0.66079,0.0,0.0,"[255.0, 191.0, 191.0]","[63.0, 63.0, 63.0]","[191.0, 191.0, 127.0]","[191.0, 127.0, 63.0]","[191.0, 191.0, 191.0]"
degas,degas_0464,1.2605,0.0,0.0,"[191.0, 127.0, 63.0]","[63.0, 63.0, 63.0]","[127.0, 127.0, 127.0]","[127.0, 63.0, 63.0]","[191.0, 127.0, 127.0]"
degas,degas_0465,1.19048,0.0,0.0,"[127.0, 63.0, 63.0]","[127.0, 127.0, 63.0]","[63.0, 63.0, 63.0]","[0.0, 0.0, 0.0]","[191.0, 127.0, 127.0]"
degas,degas_0466,0.71429,0.0,0.0,"[191.0, 127.0, 63.0]","[127.0, 63.0, 63.0]","[127.0, 127.0, 63.0]","[127.0, 127.0, 127.0]","[191.0, 127.0, 127.0]"
degas,degas_0467,0.73171,0.0,0.0,"[63.0, 63.0, 0.0]","[127.0, 127.0, 63.0]","[191.0, 191.0, 127.0]","[127.0, 63.0, 63.0]","[127.0, 63.0, 0.0]"
degas,degas_0468,0.73171,0.0,0.0,"[191.0, 127.0, 63.0]","[63.0, 63.0, 63.0]","[191.0, 191.0, 191.0]","[191.0, 127.0, 127.0]","[127.0, 127.0, 63.0]"
degas,degas_0469,0.71429,0.0,0.0,"[255.0, 191.0, 127.0]","[127.0, 63.0, 63.0]","[191.0, 127.0, 63.0]","[63.0, 0.0, 0.0]","[127.0, 127.0, 63.0]"
degas,degas_0470,0.73892,0.0,0.0,"[191.0, 127.0, 63.0]","[63.0, 63.0, 63.0]","[127.0, 63.0, 63.0]","[63.0, 63.0, 0.0]","[127.0, 127.0, 63.0]"
degas,degas_0471,0.75758,0.0,0.0,"[127.0, 63.0, 63.0]","[191.0, 191.0, 191.0]","[63.0, 63.0, 127.0]","[63.0, 63.0, 63.0]","[127.0, 127.0, 127.0]"
degas,degas_0472,0.81081,0.0,0.0,"[191.0, 127.0, 127.0]","[127.0, 63.0, 63.0]","[127.0, 127.0, 63.0]","[191.0, 191.0, 127.0]","[127.0, 127.0, 127.0]"
degas,degas_0473,1.6129,0.0,0.0,"[127.0, 127.0, 127.0]","[127.0, 63.0, 63.0]","[191.0, 127.0, 127.0]","[191.0, 191.0, 127.0]","[63.0, 63.0, 63.0]"
degas,degas_0474,0.74257,0.0,0.0,"[127.0, 63.0, 0.0]","[191.0, 127.0, 63.0]","[127.0, 63.0, 63.0]","[255.0, 191.0, 127.0]","[63.0, 0.0, 0.0]"
degas,degas_0475,0.88235,0.00122,0.00392,"[127.0, 127.0, 63.0]","[63.0, 63.0, 63.0]","[127.0, 127.0, 127.0]","[0.0, 0.0, 0.0]","[191.0, 191.0, 191.0]"
degas,degas_0476,0.87719,0.0,0.0,"[127.0, 63.0, 63.0]","[63.0, 0.0, 0.0]","[63.0, 63.0, 63.0]","[191.0, 127.0, 63.0]","[127.0, 127.0, 127.0]"
degas,degas_0477,1.53061,0.0,0.0,"[191.0, 127.0, 127.0]","[63.0, 63.0, 63.0]","[127.0, 63.0, 63.0]","[127.0, 127.0, 127.0]","[0.0, 0.0, 63.0]"
degas,degas_0478,1.45631,0.04381,0.14887,"[127.0, 127.0, 127.0]","[127.0, 127.0, 63.0]","[191.0, 191.0, 191.0]","[0.0, 0.0, 0.0]","[63.0, 63.0, 63.0]"
degas,degas_0480,1.2605,40.95833,5.507,"[191.0, 191.0, 191.0]","[127.0, 127.0, 127.0]","[63.0, 63.0, 63.0]","[63.0, 63.0, 127.0]","[255.0, 255.0, 255.0]"
degas,degas_0481,0.41322,0.0,0.0,"[127.0, 63.0, 63.0]","[191.0, 191.0, 191.0]","[127.0, 127.0, 63.0]","[63.0, 63.0, 63.0]","[63.0, 63.0, 0.0]"
degas,degas_0482,0.81522,0.0,0.0,"[255.0, 191.0, 127.0]","[127.0, 63.0, 63.0]","[191.0, 127.0, 63.0]","[191.0, 191.0, 127.0]","[127.0, 63.0, 0.0]"
degas,degas_0483,1.37615,0.0,0.0,"[63.0, 63.0, 0.0]","[127.0, 127.0, 63.0]","[63.0, 63.0, 63.0]","[63.0, 0.0, 0.0]","[63.0, 127.0, 63.0]"
degas,degas_0484,1.04167,0.0,0.0,"[63.0, 0.0, 0.0]","[191.0, 127.0, 63.0]","[127.0, 63.0, 63.0]","[63.0, 63.0, 63.0]","[191.0, 127.0, 127.0]"
degas,degas_0485,1.37615,0.0,0.0,"[127.0, 127.0, 63.0]","[191.0, 191.0, 191.0]","[191.0, 191.0, 127.0]","[63.0, 63.0, 63.0]","[127.0, 127.0, 127.0]"
degas,degas_0487,1.2931,0.0,0.0,"[191.0, 127.0, 63.0]","[127.0, 63.0, 63.0]","[191.0, 127.0, 127.0]","[63.0, 0.0, 0.0]","[127.0, 127.0, 63.0]"
degas,degas_0488,0.94937,0.0,0.0,"[63.0, 63.0, 0.0]","[191.0, 191.0, 127.0]","[191.0, 127.0, 63.0]","[127.0, 63.0, 0.0]","[63.0, 0.0, 0.0]"
degas,degas_0490,1.48515,0.0,0.0,"[127.0, 63.0, 0.0]","[191.0, 127.0, 63.0]","[191.0, 127.0, 127.0]","[63.0, 0.0, 0.0]","[127.0, 63.0, 63.0]"
degas,degas_0491,0.80214,0.0,0.0,"[191.0, 127.0, 127.0]","[63.0, 63.0, 0.0]","[127.0, 63.0, 63.0]","[0.0, 0.0, 0.0]","[63.0, 0.0, 0.0]"
degas,degas_0492,0.92593,0.0,0.0,"[127.0, 63.0, 63.0]","[191.0, 191.0, 191.0]","[127.0, 127.0, 63.0]","[63.0, 63.0, 0.0]","[127.0, 127.0, 127.0]"
degas,degas_0493,1.21951,0.0,0.0,"[63.0, 63.0, 63.0]","[191.0, 191.0, 191.0]","[127.0, 63.0, 63.0]","[127.0, 127.0, 127.0]","[63.0, 0.0, 0.0]"
degas,degas_0494,1.28205,0.0,0.0,"[127.0, 127.0, 63.0]","[191.0, 191.0, 191.0]","[127.0, 127.0, 127.0]","[127.0, 63.0, 63.0]","[191.0, 127.0, 127.0]"
degas,degas_0496,0.72816,0.03415,0.02265,"[255.0, 191.0, 191.0]","[191.0, 127.0, 127.0]","[191.0, 191.0, 127.0]","[63.0, 63.0, 0.0]","[191.0, 127.0, 63.0]"
degas,degas_0497,0.73892,0.0,0.0,"[63.0, 63.0, 0.0]","[127.0, 127.0, 127.0]","[127.0, 63.0, 63.0]","[63.0, 63.0, 63.0]","[63.0, 0.0, 0.0]"
degas,degas_0498,0.8427,0.0,0.0,"[0.0, 0.0, 0.0]","[127.0, 127.0, 63.0]","[191.0, 127.0, 127.0]","[127.0, 63.0, 63.0]","[63.0, 63.0, 63.0]"
degas,degas_0499,0.96154,0.0,0.0,"[63.0, 0.0, 0.0]","[191.0, 127.0, 63.0]","[63.0, 63.0, 63.0]","[127.0, 63.0, 63.0]","[0.0, 0.0, 0.0]"
degas,degas_0500,1.57895,0.00935,0.01404,"[63.0, 63.0, 63.0]","[191.0, 127.0, 127.0]","[127.0, 63.0, 63.0]","[191.0, 127.0, 63.0]","[127.0, 127.0, 127.0]"
degas,degas_0501,1.23967,0.0,0.0,"[191.0, 127.0, 0.0]","[191.0, 127.0, 63.0]","[127.0, 63.0, 63.0]","[191.0, 191.0, 63.0]","[255.0, 191.0, 127.0]"
degas,degas_0502,0.7772,0.0,0.0,"[127.0, 63.0, 63.0]","[127.0, 127.0, 127.0]","[191.0, 191.0, 191.0]","[63.0, 63.0, 63.0]","[63.0, 0.0, 0.0]"
degas,degas_0504,1.59574,0.55054,1.8156,"[255.0, 191.0, 191.0]","[63.0, 63.0, 63.0]","[191.0, 127.0, 127.0]","[127.0, 63.0, 63.0]","[63.0, 0.0, 0.0]"
degas,degas_0506,1.0,0.0,0.0,"[127.0, 63.0, 63.0]","[191.0, 191.0, 191.0]","[191.0, 127.0, 63.0]","[63.0, 0.0, 0.0]","[127.0, 127.0, 127.0]"
degas,degas_0507,1.22951,24.89655,3.94536,"[255.0, 191.0, 191.0]","[127.0, 63.0, 63.0]","[191.0, 127.0, 127.0]","[191.0, 191.0, 127.0]","[191.0, 127.0, 63.0]"
degas,degas_0508,0.76923,0.0,0.0,"[191.0, 63.0, 63.0]","[127.0, 63.0, 0.0]","[127.0, 63.0, 63.0]","[191.0, 191.0, 127.0]","[63.0, 0.0, 0.0]"
degas,degas_0509,1.20968,0.0,0.0,"[191.0, 127.0, 127.0]","[63.0, 63.0, 63.0]","[127.0, 127.0, 127.0]","[191.0, 191.0, 191.0]","[63.0, 0.0, 0.0]"
degas,degas_0510,1.5,0.0,0.0,"[127.0, 127.0, 127.0]","[255.0, 191.0, 191.0]","[63.0, 0.0, 0.0]","[63.0, 63.0, 63.0]","[191.0, 191.0, 127.0]"
degas,degas_0511,1.48515,0.14286,0.0396,"[63.0, 63.0, 63.0]","[191.0, 127.0, 127.0]","[255.0, 127.0, 127.0]","[127.0, 63.0, 63.0]","[191.0, 191.0, 127.0]"
degas,degas_0512,1.25,0.0,0.0,"[127.0, 127.0, 63.0]","[191.0, 191.0, 127.0]","[63.0, 63.0, 63.0]","[127.0, 127.0, 127.0]","[191.0, 127.0, 127.0]"
degas,degas_0513,1.41509,0.0,0.0,"[63.0, 0.0, 63.0]","[191.0, 127.0, 127.0]","[127.0, 63.0, 63.0]","[127.0, 127.0, 127.0]","[63.0, 63.0, 63.0]"
degas,degas_0514,1.10294,0.0,0.0,"[63.0, 0.0, 0.0]","[127.0, 63.0, 63.0]","[191.0, 127.0, 63.0]","[63.0, 63.0, 63.0]","[127.0, 127.0, 63.0]"
degas,degas_0515,0.73171,0.0,0.0,"[127.0, 63.0, 63.0]","[191.0, 127.0, 63.0]","[255.0, 191.0, 127.0]","[191.0, 127.0, 127.0]","[63.0, 0.0, 0.0]"
degas,degas_0516,0.79787,0.0,0.0,"[63.0, 0.0, 0.0]","[63.0, 63.0, 63.0]","[127.0, 127.0, 127.0]","[0.0, 0.0, 0.0]","[127.0, 63.0, 63.0]"
degas,degas_0517,0.75,0.0,0.0,"[127.0, 63.0, 63.0]","[191.0, 127.0, 63.0]","[127.0, 127.0, 63.0]","[63.0, 63.0, 63.0]","[191.0, 191.0, 191.0]"
degas,degas_0519,1.21951,0.0,0.0,"[191.0, 191.0, 127.0]","[63.0, 0.0, 0.0]","[255.0, 191.0, 127.0]","[63.0, 63.0, 63.0]","[127.0, 127.0, 63.0]"
degas,degas_0520,0.88235,0.02439,0.07059,"[63.0, 63.0, 63.0]","[191.0, 127.0, 63.0]","[191.0, 191.0, 191.0]","[127.0, 63.0, 63.0]","[127.0, 127.0, 63.0]"
degas,degas_0521,0.81522,0.0,0.0,"[127.0, 63.0, 127.0]","[63.0, 63.0, 63.0]","[191.0, 127.0, 191.0]","[127.0, 63.0, 63.0]","[63.0, 0.0, 0.0]"
degas,degas_0522,0.68493,0.0,0.0,"[127.0, 127.0, 127.0]","[63.0, 63.0, 63.0]","[127.0, 63.0, 63.0]","[191.0, 127.0, 127.0]","[191.0, 127.0, 63.0]"
degas,degas_0523,1.15385,0.0,0.0,"[191.0, 127.0, 63.0]","[127.0, 63.0, 63.0]","[191.0, 127.0, 127.0]","[63.0, 63.0, 0.0]","[191.0, 191.0, 127.0]"
degas,degas_0524,1.25,0.0,0.0,"[63.0, 63.0, 63.0]","[127.0, 127.0, 127.0]","[0.0, 0.0, 0.0]","[127.0, 63.0, 63.0]","[127.0, 127.0, 63.0]"
degas,degas_0525,1.28205,0.0,0.0,"[63.0, 63.0, 63.0]","[0.0, 0.0, 0.0]","[127.0, 63.0, 63.0]","[63.0, 0.0, 0.0]","[63.0, 63.0, 0.0]"
degas,degas_0526,1.2605,0.0,0.0,"[63.0, 63.0, 63.0]","[127.0, 127.0, 127.0]","[63.0, 0.0, 0.0]","[191.0, 127.0, 127.0]","[63.0, 63.0, 0.0]"
degas,degas_0527,0.82418,0.0,0.0,"[127.0, 63.0, 0.0]","[191.0, 127.0, 127.0]","[191.0, 127.0, 63.0]","[63.0, 0.0, 0.0]","[127.0, 63.0, 63.0]"
degas,degas_0529,0.80214,0.0,0.0,"[63.0, 63.0, 63.0]","[191.0, 191.0, 127.0]","[63.0, 0.0, 0.0]","[127.0, 63.0, 63.0]","[127.0, 127.0, 63.0]"
degas,degas_0530,0.73892,0.0,0.0,"[63.0, 0.0, 0.0]","[127.0, 63.0, 63.0]","[191.0, 127.0, 127.0]","[63.0, 63.0, 63.0]","[63.0, 63.0, 0.0]"
degas,degas_0531,1.21951,0.07227,0.40108,"[63.0, 63.0, 0.0]","[191.0, 191.0, 191.0]","[127.0, 127.0, 191.0]","[63.0, 0.0, 0.0]","[63.0, 63.0, 63.0]"
degas,degas_0532,1.66667,0.0,0.0,"[63.0, 63.0, 63.0]","[191.0, 191.0, 191.0]","[127.0, 127.0, 127.0]","[191.0, 127.0, 63.0]","[63.0, 127.0, 127.0]"
degas,degas_0533,1.51515,0.0,0.0,"[127.0, 127.0, 63.0]","[63.0, 63.0, 127.0]","[191.0, 191.0, 191.0]","[127.0, 63.0, 63.0]","[63.0, 63.0, 63.0]"
degas,degas_0534,1.32743,0.0,0.0,"[191.0, 127.0, 63.0]","[63.0, 63.0, 63.0]","[127.0, 63.0, 63.0]","[127.0, 127.0, 63.0]","[191.0, 127.0, 127.0]"
degas,degas_0535,0.82418,0.0,0.0,"[63.0, 63.0, 63.0]","[127.0, 127.0, 63.0]","[127.0, 63.0, 63.0]","[191.0, 127.0, 127.0]","[63.0, 0.0, 63.0]"
degas,degas_0536,1.17188,0.0,0.0,"[191.0, 191.0, 127.0]","[63.0, 63.0, 63.0]","[127.0, 127.0, 63.0]","[63.0, 63.0, 0.0]","[127.0, 63.0, 63.0]"
degas,degas_0537,0.79787,0.0,0.0,"[63.0, 63.0, 0.0]","[191.0, 127.0, 63.0]","[191.0, 127.0, 127.0]","[127.0, 63.0, 0.0]","[127.0, 63.0, 63.0]"
degas,degas_0539,1.27119,0.0,0.0,"[63.0, 63.0, 0.0]","[191.0, 127.0, 63.0]","[127.0, 63.0, 63.0]","[127.0, 127.0, 63.0]","[191.0, 191.0, 127.0]"
degas,degas_0540,1.04167,0.0,0.0,"[191.0, 127.0, 63.0]","[63.0, 0.0, 0.0]","[191.0, 191.0, 127.0]","[127.0, 63.0, 63.0]","[191.0, 127.0, 127.0]"
degas,degas_0541,1.2,0.0,0.0,"[191.0, 127.0, 63.0]","[127.0, 127.0, 63.0]","[191.0, 191.0, 127.0]","[127.0, 127.0, 127.0]","[63.0, 63.0, 63.0]"
degas,degas_0542,1.27119,0.0,0.0,"[63.0, 63.0, 63.0]","[127.0, 127.0, 127.0]","[127.0, 127.0, 63.0]","[191.0, 191.0, 191.0]","[0.0, 0.0, 0.0]"
degas,degas_0545,1.07143,0.0,0.0,"[127.0, 63.0, 63.0]","[63.0, 63.0, 0.0]","[63.0, 63.0, 63.0]","[127.0, 127.0, 63.0]","[127.0, 63.0, 0.0]"
degas,degas_0547,1.01351,0.04762,0.03153,"[255.0, 191.0, 191.0]","[63.0, 63.0, 63.0]","[127.0, 127.0, 63.0]","[191.0, 127.0, 127.0]","[191.0, 127.0, 63.0]"
degas,degas_0548,1.36364,0.0,0.0,"[63.0, 63.0, 127.0]","[191.0, 127.0, 127.0]","[127.0, 63.0, 63.0]","[63.0, 63.0, 63.0]","[0.0, 0.0, 63.0]"
degas,degas_0549,1.33929,0.0,0.0,"[127.0, 127.0, 63.0]","[191.0, 191.0, 127.0]","[63.0, 63.0, 63.0]","[127.0, 127.0, 127.0]","[63.0, 0.0, 0.0]"
degas,degas_0551,0.96774,0.0,0.0,"[127.0, 127.0, 127.0]","[127.0, 127.0, 63.0]","[127.0, 63.0, 63.0]","[191.0, 191.0, 127.0]","[63.0, 63.0, 63.0]"
degas,degas_0552,0.7732,0.0,0.0,"[127.0, 63.0, 63.0]","[127.0, 127.0, 63.0]","[63.0, 63.0, 63.0]","[191.0, 191.0, 191.0]","[127.0, 127.0, 127.0]"
degas,degas_0553,1.00671,0.29706,0.4519,"[191.0, 127.0, 63.0]","[63.0, 63.0, 63.0]","[191.0, 191.0, 127.0]","[127.0, 127.0, 63.0]","[127.0, 63.0, 63.0]"
degas,degas_0554,1.25,0.0,0.0,"[127.0, 63.0, 63.0]","[191.0, 191.0, 127.0]","[191.0, 127.0, 63.0]","[63.0, 63.0, 0.0]","[127.0, 127.0, 63.0]"
degas,degas_0555,1.2605,0.0,0.0,"[191.0, 191.0, 127.0]","[127.0, 127.0, 63.0]","[63.0, 63.0, 0.0]","[191.0, 127.0, 63.0]","[191.0, 191.0, 191.0]"
degas,degas_0556,0.88757,0.0,0.0,"[127.0, 127.0, 63.0]","[0.0, 0.0, 0.0]","[63.0, 63.0, 63.0]","[63.0, 63.0, 127.0]","[127.0, 127.0, 127.0]"
degas,degas_0557,1.80723,0.0,0.0,"[127.0, 127.0, 127.0]","[63.0, 63.0, 63.0]","[63.0, 0.0, 0.0]","[127.0, 63.0, 63.0]","[127.0, 127.0, 63.0]"
degas,degas_0558,0.87209,0.0,0.0,"[191.0, 127.0, 63.0]","[63.0, 63.0, 63.0]","[191.0, 191.0, 191.0]","[127.0, 63.0, 63.0]","[127.0, 127.0, 63.0]"
degas,degas_0559,1.04167,0.0,0.0,"[63.0, 127.0, 127.0]","[63.0, 63.0, 63.0]","[127.0, 127.0, 63.0]","[127.0, 191.0, 127.0]","[63.0, 127.0, 191.0]"
degas,degas_0561,1.23967,0.0,0.0,"[127.0, 127.0, 127.0]","[191.0, 191.0, 191.0]","[191.0, 127.0, 63.0]","[127.0, 127.0, 63.0]","[127.0, 63.0, 63.0]"
degas,degas_0562,1.03448,0.0,0.0,"[127.0, 63.0, 63.0]","[255.0, 191.0, 191.0]","[191.0, 127.0, 127.0]","[127.0, 127.0, 127.0]","[63.0, 63.0, 63.0]"
degas,degas_0564,1.19048,0.0,0.0,"[191.0, 127.0, 63.0]","[63.0, 63.0, 63.0]","[127.0, 127.0, 127.0]","[127.0, 63.0, 0.0]","[191.0, 191.0, 191.0]"
degas,degas_0565,1.0,0.0,0.0,"[63.0, 0.0, 0.0]","[127.0, 127.0, 127.0]","[63.0, 63.0, 63.0]","[127.0, 63.0, 63.0]","[127.0, 127.0, 63.0]"
degas,degas_0566,1.14504,4.0,0.18321,"[127.0, 127.0, 191.0]","[191.0, 191.0, 191.0]","[63.0, 63.0, 63.0]","[127.0, 127.0, 127.0]","[191.0, 191.0, 127.0]"
degas,degas_0567,0.95541,0.0,0.0,"[127.0, 63.0, 63.0]","[191.0, 127.0, 127.0]","[191.0, 191.0, 127.0]","[191.0, 127.0, 63.0]","[63.0, 63.0, 0.0]"
degas,degas_0568,1.38889,0.0,0.0,"[191.0, 191.0, 127.0]","[255.0, 191.0, 127.0]","[127.0, 63.0, 63.0]","[191.0, 127.0, 63.0]","[255.0, 191.0, 63.0]"
degas,degas_0569,1.31579,0.0,0.0,"[63.0, 0.0, 0.0]","[191.0, 191.0, 127.0]","[127.0, 127.0, 63.0]","[127.0, 63.0, 63.0]","[63.0, 63.0, 63.0]"
degas,degas_0570,1.42857,0.0,0.0,"[127.0, 127.0, 127.0]","[127.0, 63.0, 63.0]","[191.0, 127.0, 63.0]","[63.0, 63.0, 63.0]","[127.0, 127.0, 63.0]"
degas,degas_0571,1.2605,0.0,0.0,"[63.0, 127.0, 127.0]","[191.0, 191.0, 127.0]","[127.0, 63.0, 63.0]","[63.0, 63.0, 63.0]","[127.0, 127.0, 63.0]"
degas,degas_0572,0.8427,0.06485,0.07116,"[127.0, 127.0, 63.0]","[63.0, 63.0, 0.0]","[63.0, 63.0, 63.0]","[191.0, 191.0, 127.0]","[127.0, 63.0, 63.0]"
degas,degas_0573,0.78534,0.0,0.0,"[63.0, 63.0, 0.0]","[127.0, 127.0, 127.0]","[191.0, 191.0, 191.0]","[127.0, 63.0, 63.0]","[127.0, 191.0, 191.0]"
degas,degas_0574,1.48515,0.0,0.0,"[191.0, 127.0, 127.0]","[127.0, 63.0, 63.0]","[191.0, 191.0, 127.0]","[191.0, 127.0, 63.0]","[63.0, 63.0, 63.0]"
degas,degas_0575,0.84746,0.0,0.0,"[63.0, 0.0, 63.0]","[63.0, 63.0, 63.0]","[127.0, 127.0, 127.0]","[0.0, 0.0, 0.0]","[191.0, 191.0, 191.0]"
degas,degas_0576,0.70755,0.0,0.0,"[127.0, 127.0, 63.0]","[191.0, 63.0, 63.0]","[63.0, 0.0, 0.0]","[63.0, 63.0, 63.0]","[191.0, 191.0, 127.0]"
degas,degas_0577,1.27119,0.0,0.0,"[127.0, 63.0, 63.0]","[63.0, 0.0, 63.0]","[191.0, 127.0, 63.0]","[63.0, 63.0, 63.0]","[191.0, 127.0, 127.0]"
degas,degas_0578,0.76142,0.0,0.0,"[127.0, 127.0, 63.0]","[63.0, 0.0, 0.0]","[63.0, 63.0, 63.0]","[127.0, 127.0, 127.0]","[191.0, 191.0, 127.0]"
degas,degas_0579,0.76531,0.04676,0.22109,"[63.0, 63.0, 63.0]","[191.0, 191.0, 191.0]","[127.0, 127.0, 127.0]","[191.0, 127.0, 63.0]","[0.0, 0.0, 0.0]"
degas,degas_0580,1.06383,0.0,0.0,"[63.0, 63.0, 63.0]","[191.0, 191.0, 127.0]","[63.0, 0.0, 0.0]","[127.0, 127.0, 63.0]","[63.0, 63.0, 0.0]"
degas,degas_0581,1.15385,0.0,0.0,"[191.0, 191.0, 63.0]","[63.0, 63.0, 63.0]","[127.0, 63.0, 63.0]","[127.0, 127.0, 63.0]","[191.0, 127.0, 63.0]"
degas,degas_0582,0.83799,0.0,0.0,"[63.0, 0.0, 0.0]","[191.0, 127.0, 127.0]","[63.0, 63.0, 63.0]","[127.0, 127.0, 63.0]","[191.0, 191.0, 127.0]"
degas,degas_0583,0.75758,0.0,0.0,"[191.0, 191.0, 127.0]","[63.0, 0.0, 0.0]","[63.0, 63.0, 63.0]","[191.0, 127.0, 63.0]","[127.0, 127.0, 63.0]"
degas,degas_0584,1.72414,0.0,0.0,"[191.0, 127.0, 63.0]","[63.0, 63.0, 63.0]","[127.0, 127.0, 127.0]","[191.0, 127.0, 127.0]","[0.0, 0.0, 0.0]"
degas,degas_0585,1.35135,0.0,0.0,"[127.0, 63.0, 63.0]","[191.0, 63.0, 63.0]","[63.0, 63.0, 63.0]","[63.0, 0.0, 0.0]","[191.0, 127.0, 63.0]"
degas,degas_0586,1.06383,0.0,0.0,"[191.0, 127.0, 63.0]","[127.0, 127.0, 63.0]","[127.0, 127.0, 127.0]","[191.0, 191.0, 191.0]","[63.0, 63.0, 63.0]"
degas,degas_0587,1.27119,0.0,0.0,"[127.0, 127.0, 63.0]","[63.0, 63.0, 63.0]","[191.0, 127.0, 63.0]","[63.0, 63.0, 127.0]","[127.0, 63.0, 63.0]"
degas,degas_0588,1.32743,0.16383,0.73746,"[63.0, 63.0, 0.0]","[191.0, 127.0, 63.0]","[255.0, 191.0, 191.0]","[191.0, 191.0, 0.0]","[127.0, 127.0, 0.0]"
degas,degas_0589,1.53061,0.0,0.0,"[63.0, 63.0, 0.0]","[191.0, 127.0, 127.0]","[127.0, 127.0, 63.0]","[63.0, 63.0, 63.0]","[191.0, 127.0, 63.0]"
degas,degas_0590,1.89873,1.54545,0.43038,"[63.0, 63.0, 0.0]","[255.0, 191.0, 191.0]","[191.0, 191.0, 127.0]","[191.0, 127.0, 63.0]","[127.0, 127.0, 63.0]"
degas,degas_0591,1.21951,0.0,0.0,"[63.0, 63.0, 0.0]","[127.0, 127.0, 127.0]","[63.0, 63.0, 63.0]","[63.0, 127.0, 127.0]","[127.0, 63.0, 63.0]"
degas,degas_0592,0.79787,0.0,0.0,"[191.0, 127.0, 63.0]","[191.0, 191.0, 63.0]","[127.0, 63.0, 63.0]","[191.0, 191.0, 127.0]","[127.0, 127.0, 63.0]"
degas,degas_0593,1.17188,0.0,0.0,"[127.0, 127.0, 127.0]","[191.0, 63.0, 0.0]","[63.0, 63.0, 63.0]","[191.0, 127.0, 63.0]","[191.0, 191.0, 191.0]"
degas,degas_0594,1.14504,1.08,0.1374,"[127.0, 63.0, 63.0]","[191.0, 127.0, 63.0]","[191.0, 191.0, 127.0]","[127.0, 127.0, 63.0]","[63.0, 63.0, 63.0]"
degas,degas_0595,1.19048,0.0,0.0,"[191.0, 127.0, 0.0]","[127.0, 63.0, 0.0]","[63.0, 63.0, 0.0]","[127.0, 63.0, 63.0]","[191.0, 127.0, 63.0]"
degas,degas_0596,1.16279,0.0,0.0,"[127.0, 63.0, 63.0]","[127.0, 191.0, 191.0]","[63.0, 63.0, 63.0]","[127.0, 127.0, 127.0]","[63.0, 0.0, 0.0]"
degas,degas_0597,0.90909,0.0,0.0,"[127.0, 63.0, 63.0]","[191.0, 127.0, 63.0]","[63.0, 63.0, 63.0]","[255.0, 191.0, 127.0]","[127.0, 127.0, 63.0]"
degas,degas_0598,1.41509,0.0,0.0,"[127.0, 127.0, 63.0]","[191.0, 191.0, 127.0]","[63.0, 63.0, 63.0]","[127.0, 127.0, 127.0]","[127.0, 63.0, 63.0]"
degas,degas_0601,1.2,0.0,0.0,"[127.0, 63.0, 0.0]","[191.0, 191.0, 127.0]","[191.0, 127.0, 63.0]","[63.0, 63.0, 0.0]","[127.0, 127.0, 63.0]"
degas,degas_0602,1.11111,0.0,0.0,"[191.0, 191.0, 127.0]","[127.0, 63.0, 63.0]","[191.0, 127.0, 63.0]","[63.0, 0.0, 0.0]","[127.0, 63.0, 0.0]"
degas,degas_0603,1.33929,0.0,0.0,"[63.0, 63.0, 0.0]","[191.0, 63.0, 0.0]","[127.0, 127.0, 63.0]","[127.0, 63.0, 0.0]","[127.0, 127.0, 127.0]"
degas,degas_0604,0.45317,0.0,0.0,"[127.0, 63.0, 63.0]","[127.0, 127.0, 127.0]","[63.0, 63.0, 63.0]","[63.0, 0.0, 0.0]","[127.0, 127.0, 63.0]"
degas,degas_0605,0.75,0.0,0.0,"[127.0, 127.0, 63.0]","[63.0, 63.0, 63.0]","[127.0, 127.0, 127.0]","[63.0, 127.0, 63.0]","[191.0, 191.0, 191.0]"
degas,degas_0606,1.02041,0.0,0.0,"[127.0, 127.0, 127.0]","[127.0, 63.0, 63.0]","[63.0, 63.0, 63.0]","[127.0, 127.0, 63.0]","[191.0, 127.0, 127.0]"
degas,degas_0607,1.14504,0.0,0.0,"[63.0, 63.0, 63.0]","[127.0, 127.0, 63.0]","[191.0, 127.0, 127.0]","[191.0, 127.0, 63.0]","[127.0, 63.0, 63.0]"
degas,degas_0608,0.80645,0.0,0.0,"[127.0, 63.0, 63.0]","[191.0, 127.0, 63.0]","[63.0, 0.0, 0.0]","[63.0, 63.0, 63.0]","[127.0, 63.0, 0.0]"
degas,degas_0609,0.99338,0.37931,0.04857,"[127.0, 127.0, 127.0]","[191.0, 191.0, 127.0]","[191.0, 191.0, 191.0]","[127.0, 63.0, 63.0]","[191.0, 127.0, 63.0]"
degas,degas_0610,1.28205,0.0,0.0,"[127.0, 63.0, 0.0]","[63.0, 63.0, 63.0]","[127.0, 127.0, 63.0]","[127.0, 63.0, 63.0]","[63.0, 63.0, 0.0]"
degas,degas_0611,1.2605,0.01149,0.0056,"[127.0, 63.0, 63.0]","[255.0, 191.0, 191.0]","[63.0, 63.0, 63.0]","[191.0, 127.0, 127.0]","[127.0, 127.0, 127.0]"
degas,degas_0612,1.33929,0.0,0.0,"[191.0, 127.0, 63.0]","[0.0, 0.0, 0.0]","[127.0, 63.0, 63.0]","[127.0, 127.0, 63.0]","[63.0, 63.0, 63.0]"
degas,degas_0613,1.36364,0.0,0.0,"[127.0, 127.0, 63.0]","[63.0, 0.0, 0.0]","[127.0, 63.0, 63.0]","[127.0, 127.0, 127.0]","[191.0, 191.0, 191.0]"
degas,degas_0614,1.25,0.0,0.0,"[63.0, 0.0, 0.0]","[127.0, 63.0, 63.0]","[127.0, 127.0, 127.0]","[191.0, 127.0, 63.0]","[63.0, 63.0, 63.0]"
degas,degas_0615,1.27119,0.0,0.0,"[191.0, 127.0, 127.0]","[63.0, 63.0, 63.0]","[191.0, 127.0, 63.0]","[127.0, 127.0, 63.0]","[127.0, 63.0, 63.0]"
degas,degas_0616,0.82418,0.07948,0.20147,"[63.0, 63.0, 63.0]","[191.0, 191.0, 191.0]","[191.0, 127.0, 63.0]","[127.0, 127.0, 127.0]","[255.0, 191.0, 63.0]"
degas,degas_0617,0.85714,0.02532,0.01524,"[127.0, 63.0, 0.0]","[191.0, 191.0, 127.0]","[127.0, 127.0, 127.0]","[63.0, 63.0, 0.0]","[191.0, 127.0, 0.0]"
degas,degas_0618,0.74627,0.0,0.0,"[63.0, 63.0, 0.0]","[127.0, 127.0, 63.0]","[63.0, 63.0, 63.0]","[191.0, 191.0, 127.0]","[127.0, 63.0, 63.0]"
degas,degas_0619,1.2931,0.0,0.0,"[191.0, 127.0, 127.0]","[63.0, 63.0, 63.0]","[0.0, 0.0, 0.0]","[127.0, 63.0, 63.0]","[127.0, 127.0, 127.0]"
degas,degas_0620,2.38095,0.0,0.0,"[0.0, 0.0, 0.0]","[127.0, 127.0, 127.0]","[63.0, 63.0, 63.0]","[191.0, 191.0, 191.0]","[127.0, 63.0, 63.0]"
degas,degas_0621,1.22951,30.03812,55.97268,"[127.0, 127.0, 127.0]","[255.0, 255.0, 255.0]","[63.0, 63.0, 63.0]","[127.0, 63.0, 63.0]","[63.0, 0.0, 63.0]"
degas,degas_0623,0.66964,0.0,0.0,"[127.0, 127.0, 63.0]","[0.0, 63.0, 63.0]","[63.0, 63.0, 63.0]","[191.0, 191.0, 127.0]","[191.0, 191.0, 63.0]"
degas,degas_0624,0.62241,0.11111,0.00277,"[127.0, 127.0, 63.0]","[191.0, 191.0, 127.0]","[191.0, 63.0, 63.0]","[191.0, 127.0, 127.0]","[127.0, 63.0, 63.0]"
degas,degas_0625,1.47059,0.0,0.0,"[63.0, 63.0, 63.0]","[191.0, 191.0, 127.0]","[127.0, 127.0, 63.0]","[191.0, 191.0, 191.0]","[127.0, 63.0, 63.0]"
