goya,goya_0001,1.44231,0.0,0.0,"[255.0, 127.0, 63.0]","[63.0, 0.0, 0.0]","[127.0, 63.0, 0.0]","[191.0, 127.0, 0.0]","[191.0, 63.0, 0.0]"
goya,goya_0002,1.37615,0.0,0.0,"[63.0, 63.0, 0.0]","[0.0, 0.0, 0.0]","[191.0, 127.0, 63.0]","[127.0, 127.0, 63.0]","[63.0, 63.0, 63.0]"
goya,goya_0003,0.6383,0.04169,1.77021,"[0.0, 0.0, 0.0]","[127.0, 127.0, 63.0]","[255.0, 255.0, 191.0]","[63.0, 63.0, 63.0]","[191.0, 191.0, 127.0]"
goya,goya_0004,1.33929,0.0,0.0,"[127.0, 127.0, 63.0]","[63.0, 63.0, 0.0]","[63.0, 0.0, 0.0]","[63.0, 63.0, 63.0]","[191.0, 191.0, 63.0]"
goya,goya_0005,0.7109,0.0,0.0,"[63.0, 63.0, 0.0]","[127.0, 127.0, 63.0]","[191.0, 191.0, 127.0]","[127.0, 63.0, 63.0]","[63.0, 63.0, 63.0]"
goya,goya_0006,0.69444,0.00993,0.04938,"[127.0, 63.0, 0.0]","[255.0, 191.0, 127.0]","[127.0, 63.0, 63.0]","[63.0, 0.0, 0.0]","[191.0, 127.0, 63.0]"
goya,goya_0007,0.4918,0.0,0.0,"[63.0, 0.0, 0.0]","[127.0, 63.0, 0.0]","[191.0, 127.0, 63.0]","[191.0, 63.0, 0.0]","[0.0, 0.0, 0.0]"
goya,goya_0008,1.37615,0.0,0.0,"[0.0, 0.0, 0.0]","[127.0, 63.0, 63.0]","[63.0, 63.0, 0.0]","[63.0, 63.0, 63.0]","[191.0, 127.0, 63.0]"
goya,goya_0009,0.71429,0.52381,0.03492,"[63.0, 63.0, 63.0]","[191.0, 191.0, 191.0]","[127.0, 63.0, 63.0]","[191.0, 127.0, 127.0]","[127.0, 63.0, 0.0]"
goya,goya_0010,1.36364,0.0,0.0,"[63.0, 0.0, 0.0]","[255.0, 191.0, 127.0]","[0.0, 0.0, 0.0]","[191.0, 127.0, 63.0]","[127.0, 63.0, 0.0]"
goya,goya_0011,1.30435,0.97085,10.04058,"[191.0, 191.0, 191.0]","[63.0, 63.0, 63.0]","[191.0, 127.0, 63.0]","[255.0, 255.0, 255.0]","[0.0, 0.0, 0.0]"
goya,goya_0013,0.92593,0.0,0.0,"[127.0, 127.0, 63.0]","[191.0, 191.0, 127.0]","[63.0, 63.0, 63.0]","[127.0, 127.0, 127.0]","[191.0, 127.0, 127.0]"
goya,goya_0014,0.6,0.0,0.0,"[191.0, 127.0, 127.0]","[127.0, 63.0, 63.0]","[191.0, 191.0, 127.0]","[127.0, 127.0, 63.0]","[63.0, 63.0, 63.0]"
goya,goya_0015,1.44231,0.03784,0.78205,"[127.0, 127.0, 63.0]","[63.0, 63.0, 0.0]","[0.0, 0.0, 0.0]","[191.0, 191.0, 191.0]","[63.0, 63.0, 63.0]"
goya,goya_0018,0.95541,0.0,0.0,"[127.0, 191.0, 191.0]","[63.0, 63.0, 63.0]","[127.0, 127.0, 63.0]","[191.0, 191.0, 191.0]","[127.0, 127.0, 127.0]"
goya,goya_0019,1.59574,0.02529,0.41844,"[0.0, 0.0, 0.0]","[127.0, 127.0, 127.0]","[127.0, 127.0, 63.0]","[191.0, 191.0, 191.0]","[63.0, 63.0, 63.0]"
goya,goya_0020,1.1811,0.07834,0.08924,"[63.0, 63.0, 63.0]","[127.0, 127.0, 63.0]","[191.0, 191.0, 191.0]","[191.0, 191.0, 127.0]","[127.0, 127.0, 127.0]"
goya,goya_0021,1.2,0.01786,0.50133,"[63.0, 63.0, 0.0]","[255.0, 191.0, 191.0]","[0.0, 0.0, 0.0]","[127.0, 191.0, 127.0]","[63.0, 0.0, 0.0]"
goya,goya_0022,1.57895,0.04679,0.60351,"[63.0, 63.0, 63.0]","[127.0, 191.0, 191.0]","[0.0, 0.0, 0.0]","[127.0, 127.0, 127.0]","[191.0, 191.0, 191.0]"
goya,goya_0023,1.6129,0.0,0.0,"[63.0, 63.0, 0.0]","[127.0, 127.0, 63.0]","[191.0, 191.0, 127.0]","[63.0, 63.0, 63.0]","[127.0, 63.0, 63.0]"
goya,goya_0024,1.72414,9e-05,0.00766,"[0.0, 0.0, 0.0]","[191.0, 191.0, 127.0]","[191.0, 127.0, 63.0]","[63.0, 63.0, 0.0]","[255.0, 255.0, 191.0]"
goya,goya_0025,1.89873,0.36839,4.70042,"[255.0, 255.0, 191.0]","[63.0, 63.0, 63.0]","[191.0, 191.0, 191.0]","[0.0, 0.0, 0.0]","[127.0, 127.0, 127.0]"
goya,goya_0026,1.17188,0.0,0.0,"[0.0, 0.0, 0.0]","[127.0, 63.0, 63.0]","[63.0, 0.0, 0.0]","[63.0, 63.0, 0.0]","[191.0, 127.0, 127.0]"
goya,goya_0027,1.33929,0.0,0.0,"[63.0, 63.0, 63.0]","[191.0, 191.0, 127.0]","[0.0, 0.0, 0.0]","[127.0, 127.0, 127.0]","[127.0, 127.0, 63.0]"
goya,goya_0028,1.48515,0.0,0.0,"[63.0, 63.0, 0.0]","[255.0, 191.0, 127.0]","[0.0, 0.0, 0.0]","[63.0, 63.0, 63.0]","[191.0, 127.0, 63.0]"
goya,goya_0029,1.92308,0.0007,0.00855,"[255.0, 191.0, 127.0]","[63.0, 63.0, 63.0]","[63.0, 0.0, 0.0]","[127.0, 127.0, 63.0]","[191.0, 191.0, 127.0]"
goya,goya_0030,1.57895,0.00269,0.09825,"[63.0, 0.0, 0.0]","[191.0, 191.0, 191.0]","[127.0, 63.0, 63.0]","[0.0, 0.0, 0.0]","[63.0, 63.0, 0.0]"
goya,goya_0031,1.20968,0.05644,0.49462,"[63.0, 63.0, 63.0]","[127.0, 127.0, 63.0]","[191.0, 191.0, 191.0]","[0.0, 0.0, 0.0]","[63.0, 63.0, 0.0]"
goya,goya_0032,0.76531,0.00011,0.0068,"[63.0, 63.0, 0.0]","[63.0, 63.0, 63.0]","[0.0, 0.0, 0.0]","[191.0, 191.0, 127.0]","[63.0, 0.0, 0.0]"
goya,goya_0033,1.40187,0.0,0.0,"[0.0, 0.0, 0.0]","[191.0, 191.0, 127.0]","[63.0, 63.0, 63.0]","[127.0, 127.0, 127.0]","[127.0, 127.0, 63.0]"
goya,goya_0034,1.68539,0.06965,0.86142,"[0.0, 0.0, 0.0]","[191.0, 191.0, 63.0]","[127.0, 127.0, 63.0]","[63.0, 63.0, 63.0]","[255.0, 191.0, 127.0]"
goya,goya_0035,1.70455,0.27645,0.61364,"[191.0, 191.0, 191.0]","[127.0, 127.0, 63.0]","[191.0, 191.0, 127.0]","[63.0, 63.0, 63.0]","[127.0, 127.0, 127.0]"
goya,goya_0036,1.42857,0.0,0.0,"[191.0, 191.0, 127.0]","[0.0, 0.0, 0.0]","[63.0, 63.0, 63.0]","[127.0, 127.0, 63.0]","[63.0, 63.0, 0.0]"
goya,goya_0037,0.4902,0.65262,3.88017,"[63.0, 0.0, 0.0]","[255.0, 255.0, 255.0]","[63.0, 63.0, 63.0]","[191.0, 127.0, 127.0]","[63.0, 63.0, 0.0]"
goya,goya_0038,2.0,2.72565,12.18667,"[255.0, 255.0, 255.0]","[127.0, 127.0, 127.0]","[63.0, 63.0, 0.0]","[191.0, 191.0, 191.0]","[127.0, 191.0, 191.0]"
goya,goya_0039,1.66667,0.00767,0.08889,"[0.0, 0.0, 0.0]","[127.0, 127.0, 127.0]","[63.0, 63.0, 63.0]","[191.0, 191.0, 127.0]","[127.0, 127.0, 63.0]"
goya,goya_0040,0.42017,0.083,0.38282,"[127.0, 127.0, 63.0]","[255.0, 255.0, 191.0]","[63.0, 63.0, 0.0]","[127.0, 127.0, 127.0]","[191.0, 191.0, 191.0]"
goya,goya_0042,1.03448,0.00115,0.01379,"[0.0, 0.0, 0.0]","[191.0, 191.0, 127.0]","[191.0, 127.0, 63.0]","[255.0, 255.0, 191.0]","[127.0, 63.0, 63.0]"
goya,goya_0043,0.98039,0.75414,4.16993,"[63.0, 63.0, 63.0]","[191.0, 191.0, 191.0]","[127.0, 127.0, 63.0]","[255.0, 255.0, 191.0]","[0.0, 0.0, 0.0]"
goya,goya_0044,1.35135,0.0,0.0,"[127.0, 127.0, 127.0]","[63.0, 63.0, 63.0]","[191.0, 127.0, 127.0]","[63.0, 0.0, 63.0]","[127.0, 63.0, 63.0]"
goya,goya_0045,1.31579,0.30289,2.32749,"[63.0, 127.0, 255.0]","[63.0, 127.0, 63.0]","[191.0, 191.0, 191.0]","[0.0, 63.0, 0.0]","[127.0, 191.0, 127.0]"
goya,goya_0046,1.33929,0.06803,0.2381,"[63.0, 63.0, 0.0]","[191.0, 191.0, 191.0]","[127.0, 127.0, 127.0]","[127.0, 127.0, 63.0]","[191.0, 191.0, 127.0]"
goya,goya_0047,1.74419,0.3252,2.7907,"[255.0, 255.0, 255.0]","[63.0, 63.0, 63.0]","[191.0, 191.0, 191.0]","[127.0, 127.0, 63.0]","[0.0, 0.0, 0.0]"
goya,goya_0048,2.0,0.1338,0.67556,"[191.0, 191.0, 191.0]","[63.0, 63.0, 63.0]","[127.0, 127.0, 63.0]","[63.0, 127.0, 127.0]","[0.0, 0.0, 0.0]"
goya,goya_0049,2.5,0.0,0.0,"[127.0, 127.0, 63.0]","[191.0, 191.0, 127.0]","[0.0, 0.0, 0.0]","[127.0, 127.0, 127.0]","[63.0, 63.0, 63.0]"
goya,goya_0050,0.92025,2.29967,5.68098,"[127.0, 127.0, 127.0]","[63.0, 0.0, 0.0]","[191.0, 191.0, 191.0]","[63.0, 63.0, 63.0]","[255.0, 255.0, 191.0]"
goya,goya_0051,1.70455,0.0,0.0,"[191.0, 191.0, 127.0]","[127.0, 127.0, 63.0]","[127.0, 127.0, 127.0]","[63.0, 63.0, 63.0]","[191.0, 127.0, 127.0]"
goya,goya_0052,1.22951,1.05458,2.95628,"[191.0, 191.0, 127.0]","[63.0, 127.0, 127.0]","[63.0, 63.0, 63.0]","[191.0, 191.0, 191.0]","[127.0, 127.0, 63.0]"
goya,goya_0053,1.6129,0.00806,0.00717,"[127.0, 63.0, 63.0]","[191.0, 191.0, 127.0]","[63.0, 63.0, 63.0]","[63.0, 63.0, 0.0]","[191.0, 127.0, 127.0]"
goya,goya_0054,1.23967,0.0,0.0,"[63.0, 63.0, 0.0]","[255.0, 191.0, 191.0]","[127.0, 63.0, 63.0]","[191.0, 127.0, 127.0]","[63.0, 0.0, 0.0]"
goya,goya_0055,1.68539,0.0,0.0,"[0.0, 0.0, 63.0]","[127.0, 127.0, 63.0]","[0.0, 0.0, 0.0]","[63.0, 63.0, 63.0]","[191.0, 191.0, 127.0]"
goya,goya_0056,0.97403,0.0,0.0,"[63.0, 63.0, 63.0]","[127.0, 127.0, 191.0]","[191.0, 191.0, 191.0]","[127.0, 127.0, 127.0]","[0.0, 0.0, 0.0]"
goya,goya_0057,1.89873,0.09494,4.87764,"[63.0, 63.0, 0.0]","[255.0, 255.0, 255.0]","[63.0, 63.0, 63.0]","[0.0, 0.0, 0.0]","[127.0, 127.0, 127.0]"
goya,goya_0058,1.31579,0.0,0.0,"[127.0, 127.0, 63.0]","[63.0, 63.0, 63.0]","[191.0, 191.0, 127.0]","[0.0, 0.0, 0.0]","[127.0, 63.0, 63.0]"
goya,goya_0059,0.4491,0.0,0.0,"[63.0, 63.0, 63.0]","[191.0, 127.0, 127.0]","[127.0, 127.0, 63.0]","[191.0, 191.0, 127.0]","[0.0, 0.0, 0.0]"
goya,goya_0060,1.57895,0.0,0.0,"[0.0, 0.0, 0.0]","[127.0, 127.0, 63.0]","[191.0, 191.0, 191.0]","[63.0, 63.0, 63.0]","[127.0, 127.0, 127.0]"
goya,goya_0061,0.98039,0.6255,4.72331,"[191.0, 191.0, 191.0]","[63.0, 63.0, 63.0]","[191.0, 127.0, 63.0]","[0.0, 0.0, 0.0]","[255.0, 255.0, 191.0]"
goya,goya_0062,1.57895,0.00189,0.05614,"[127.0, 127.0, 127.0]","[0.0, 0.0, 0.0]","[127.0, 63.0, 63.0]","[127.0, 127.0, 63.0]","[63.0, 63.0, 0.0]"
goya,goya_0063,1.37615,0.00057,0.01835,"[63.0, 63.0, 63.0]","[127.0, 127.0, 63.0]","[0.0, 0.0, 0.0]","[191.0, 63.0, 63.0]","[191.0, 191.0, 127.0]"
goya,goya_0064,1.38889,0.00146,0.03704,"[127.0, 127.0, 127.0]","[0.0, 0.0, 0.0]","[127.0, 127.0, 63.0]","[191.0, 191.0, 191.0]","[63.0, 63.0, 63.0]"
goya,goya_0066,1.48515,1.7963,3.20132,"[255.0, 255.0, 191.0]","[127.0, 127.0, 127.0]","[191.0, 191.0, 191.0]","[63.0, 63.0, 63.0]","[0.0, 0.0, 0.0]"
goya,goya_0067,1.35135,0.0,0.0,"[0.0, 0.0, 0.0]","[191.0, 191.0, 127.0]","[127.0, 127.0, 63.0]","[63.0, 0.0, 63.0]","[63.0, 0.0, 0.0]"
goya,goya_0068,1.35135,0.0,0.0,"[127.0, 127.0, 63.0]","[191.0, 191.0, 191.0]","[63.0, 63.0, 63.0]","[127.0, 127.0, 127.0]","[63.0, 0.0, 0.0]"
goya,goya_0069,1.38889,0.00577,0.31481,"[0.0, 0.0, 0.0]","[127.0, 127.0, 127.0]","[63.0, 63.0, 63.0]","[255.0, 127.0, 63.0]","[255.0, 191.0, 191.0]"
goya,goya_0070,1.70455,0.59593,1.55303,"[63.0, 0.0, 0.0]","[191.0, 191.0, 191.0]","[127.0, 127.0, 127.0]","[127.0, 63.0, 63.0]","[127.0, 127.0, 63.0]"
goya,goya_0071,0.65217,0.01273,0.17391,"[127.0, 127.0, 63.0]","[0.0, 0.0, 0.0]","[191.0, 191.0, 191.0]","[127.0, 63.0, 0.0]","[63.0, 63.0, 0.0]"
goya,goya_0072,1.30435,2.2164,5.64058,"[191.0, 191.0, 191.0]","[63.0, 63.0, 63.0]","[191.0, 255.0, 255.0]","[127.0, 127.0, 127.0]","[127.0, 127.0, 63.0]"
goya,goya_0073,1.80723,0.00498,0.0241,"[63.0, 63.0, 63.0]","[191.0, 191.0, 127.0]","[127.0, 127.0, 63.0]","[0.0, 0.0, 0.0]","[127.0, 63.0, 63.0]"
goya,goya_0074,1.2931,0.83542,6.12644,"[191.0, 191.0, 191.0]","[63.0, 63.0, 63.0]","[127.0, 127.0, 127.0]","[0.0, 0.0, 0.0]","[255.0, 255.0, 255.0]"
goya,goya_0075,1.51515,0.0,0.0,"[0.0, 0.0, 0.0]","[63.0, 63.0, 63.0]","[127.0, 63.0, 63.0]","[191.0, 191.0, 127.0]","[127.0, 127.0, 63.0]"
goya,goya_0076,0.62241,0.0,0.0,"[127.0, 127.0, 63.0]","[0.0, 0.0, 0.0]","[191.0, 127.0, 127.0]","[127.0, 63.0, 63.0]","[63.0, 63.0, 63.0]"
goya,goya_0077,1.35135,0.0,0.0,"[127.0, 127.0, 63.0]","[191.0, 191.0, 191.0]","[63.0, 63.0, 63.0]","[127.0, 127.0, 127.0]","[63.0, 63.0, 0.0]"
goya,goya_0078,1.35135,0.01578,0.82883,"[63.0, 63.0, 0.0]","[255.0, 191.0, 191.0]","[0.0, 0.0, 0.0]","[127.0, 127.0, 127.0]","[63.0, 63.0, 63.0]"
goya,goya_0079,0.6383,0.00746,0.12199,"[127.0, 127.0, 63.0]","[191.0, 191.0, 191.0]","[0.0, 0.0, 0.0]","[63.0, 63.0, 63.0]","[127.0, 127.0, 127.0]"
goya,goya_0080,1.31579,0.04276,0.21053,"[0.0, 0.0, 0.0]","[127.0, 127.0, 127.0]","[63.0, 63.0, 63.0]","[63.0, 63.0, 0.0]","[191.0, 191.0, 191.0]"
goya,goya_0081,1.36364,0.2638,6.77576,"[127.0, 127.0, 63.0]","[0.0, 0.0, 0.0]","[255.0, 255.0, 255.0]","[63.0, 63.0, 63.0]","[191.0, 191.0, 191.0]"
goya,goya_0082,1.48515,0.19923,1.0297,"[127.0, 127.0, 127.0]","[63.0, 63.0, 63.0]","[191.0, 191.0, 191.0]","[0.0, 0.0, 0.0]","[127.0, 127.0, 63.0]"
goya,goya_0083,1.54639,0.00846,0.18557,"[0.0, 0.0, 63.0]","[63.0, 63.0, 63.0]","[127.0, 127.0, 127.0]","[0.0, 0.0, 0.0]","[255.0, 191.0, 191.0]"
goya,goya_0084,1.2605,0.00206,0.04482,"[0.0, 0.0, 63.0]","[127.0, 127.0, 127.0]","[63.0, 63.0, 63.0]","[191.0, 191.0, 127.0]","[0.0, 0.0, 0.0]"
goya,goya_0085,1.5,0.0,0.0,"[63.0, 63.0, 0.0]","[127.0, 127.0, 63.0]","[0.0, 0.0, 0.0]","[63.0, 63.0, 63.0]","[191.0, 191.0, 127.0]"
goya,goya_0086,1.5625,10.75904,74.41667,"[255.0, 255.0, 255.0]","[63.0, 63.0, 63.0]","[191.0, 191.0, 191.0]","[0.0, 0.0, 0.0]","[127.0, 127.0, 127.0]"
goya,goya_0087,1.2605,0.0,0.0,"[191.0, 127.0, 63.0]","[191.0, 191.0, 127.0]","[127.0, 63.0, 63.0]","[63.0, 63.0, 0.0]","[191.0, 127.0, 127.0]"
goya,goya_0088,1.47059,0.09365,3.71242,"[0.0, 0.0, 0.0]","[255.0, 255.0, 191.0]","[127.0, 127.0, 63.0]","[63.0, 63.0, 63.0]","[255.0, 191.0, 127.0]"
goya,goya_0089,1.28205,0.00227,0.03989,"[0.0, 0.0, 0.0]","[127.0, 127.0, 63.0]","[191.0, 191.0, 191.0]","[63.0, 0.0, 0.0]","[63.0, 63.0, 63.0]"
goya,goya_0090,1.1811,0.0,0.0,"[0.0, 0.0, 0.0]","[127.0, 127.0, 63.0]","[63.0, 63.0, 0.0]","[255.0, 191.0, 127.0]","[127.0, 63.0, 63.0]"
goya,goya_0091,1.37615,0.0,0.0,"[63.0, 63.0, 63.0]","[191.0, 127.0, 63.0]","[63.0, 0.0, 0.0]","[191.0, 191.0, 191.0]","[127.0, 63.0, 63.0]"
goya,goya_0092,1.45631,0.0,0.0,"[63.0, 0.0, 0.0]","[127.0, 127.0, 63.0]","[63.0, 63.0, 63.0]","[191.0, 191.0, 191.0]","[127.0, 63.0, 63.0]"
goya,goya_0093,1.70455,1.5987,5.58333,"[255.0, 191.0, 191.0]","[63.0, 63.0, 63.0]","[127.0, 127.0, 127.0]","[191.0, 191.0, 191.0]","[0.0, 0.0, 0.0]"
goya,goya_0094,1.63043,18.95862,19.92029,"[255.0, 191.0, 255.0]","[127.0, 127.0, 127.0]","[191.0, 191.0, 191.0]","[255.0, 255.0, 255.0]","[63.0, 63.0, 63.0]"
goya,goya_0095,1.2605,0.00637,0.34734,"[0.0, 0.0, 0.0]","[191.0, 191.0, 127.0]","[63.0, 63.0, 63.0]","[63.0, 63.0, 0.0]","[63.0, 0.0, 0.0]"
goya,goya_0096,1.27119,0.71538,23.17514,"[0.0, 0.0, 0.0]","[255.0, 255.0, 255.0]","[63.0, 63.0, 63.0]","[63.0, 63.0, 0.0]","[63.0, 0.0, 0.0]"
goya,goya_0097,1.70455,2.33895,27.34091,"[191.0, 191.0, 191.0]","[63.0, 63.0, 63.0]","[127.0, 127.0, 127.0]","[0.0, 0.0, 0.0]","[255.0, 255.0, 255.0]"
goya,goya_0098,1.74419,0.00139,0.02326,"[191.0, 191.0, 191.0]","[63.0, 0.0, 0.0]","[63.0, 63.0, 63.0]","[127.0, 127.0, 127.0]","[0.0, 0.0, 0.0]"
goya,goya_0099,1.44231,0.01102,0.17308,"[63.0, 63.0, 63.0]","[191.0, 191.0, 191.0]","[127.0, 127.0, 127.0]","[0.0, 0.0, 0.0]","[127.0, 127.0, 63.0]"
goya,goya_0100,1.64835,4.83892,22.22711,"[127.0, 127.0, 127.0]","[255.0, 255.0, 255.0]","[63.0, 63.0, 63.0]","[191.0, 191.0, 191.0]","[0.0, 0.0, 0.0]"
goya,goya_0101,1.31579,85.32308,32.43275,"[255.0, 255.0, 255.0]","[191.0, 191.0, 191.0]","[127.0, 127.0, 127.0]","[63.0, 63.0, 63.0]","[0.0, 0.0, 0.0]"
goya,goya_0102,1.51515,0.04636,0.98316,"[255.0, 255.0, 191.0]","[63.0, 63.0, 63.0]","[127.0, 127.0, 127.0]","[0.0, 0.0, 0.0]","[191.0, 191.0, 191.0]"
goya,goya_0103,1.47059,0.00136,0.01307,"[63.0, 63.0, 63.0]","[63.0, 0.0, 63.0]","[191.0, 191.0, 127.0]","[127.0, 63.0, 63.0]","[0.0, 0.0, 0.0]"
goya,goya_0106,1.41509,0.0,0.0,"[127.0, 127.0, 63.0]","[0.0, 0.0, 0.0]","[63.0, 63.0, 63.0]","[63.0, 0.0, 0.0]","[127.0, 127.0, 127.0]"
goya,goya_0107,1.40187,0.00271,0.01246,"[0.0, 0.0, 63.0]","[127.0, 127.0, 63.0]","[63.0, 63.0, 63.0]","[191.0, 191.0, 127.0]","[191.0, 127.0, 63.0]"
goya,goya_0108,1.47059,0.0033,0.22222,"[0.0, 0.0, 63.0]","[127.0, 127.0, 127.0]","[0.0, 0.0, 0.0]","[63.0, 63.0, 63.0]","[191.0, 191.0, 191.0]"
goya,goya_0109,1.59574,0.01107,0.40426,"[127.0, 127.0, 63.0]","[0.0, 0.0, 0.0]","[63.0, 63.0, 0.0]","[191.0, 191.0, 191.0]","[63.0, 63.0, 63.0]"
goya,goya_0110,1.54639,0.0071,0.26117,"[63.0, 63.0, 63.0]","[0.0, 0.0, 0.0]","[127.0, 127.0, 63.0]","[191.0, 191.0, 127.0]","[63.0, 63.0, 0.0]"
goya,goya_0111,1.82927,0.0785,5.31707,"[0.0, 0.0, 0.0]","[255.0, 255.0, 255.0]","[63.0, 63.0, 63.0]","[191.0, 191.0, 127.0]","[127.0, 127.0, 63.0]"
goya,goya_0112,1.00671,0.37188,2.12975,"[191.0, 191.0, 191.0]","[63.0, 63.0, 63.0]","[127.0, 127.0, 127.0]","[0.0, 0.0, 0.0]","[255.0, 255.0, 255.0]"
goya,goya_0113,1.5625,0.03616,0.8125,"[63.0, 63.0, 0.0]","[191.0, 191.0, 191.0]","[127.0, 127.0, 127.0]","[0.0, 0.0, 0.0]","[63.0, 63.0, 63.0]"
goya,goya_0114,1.45631,0.0,0.0,"[63.0, 63.0, 0.0]","[191.0, 127.0, 127.0]","[0.0, 0.0, 0.0]","[127.0, 127.0, 63.0]","[63.0, 63.0, 63.0]"
goya,goya_0115,1.33929,0.0,0.0,"[63.0, 0.0, 0.0]","[127.0, 63.0, 63.0]","[0.0, 0.0, 0.0]","[127.0, 127.0, 63.0]","[63.0, 63.0, 63.0]"
goya,goya_0116,1.48515,15.41995,38.77888,"[0.0, 0.0, 0.0]","[191.0, 191.0, 191.0]","[255.0, 255.0, 255.0]","[127.0, 127.0, 127.0]","[63.0, 63.0, 63.0]"
goya,goya_0117,1.48515,839.42857,38.78548,"[127.0, 127.0, 127.0]","[255.0, 255.0, 255.0]","[191.0, 191.0, 191.0]","[63.0, 63.0, 63.0]","[0.0, 0.0, 0.0]"
goya,goya_0119,1.48515,7.03238,37.27393,"[63.0, 63.0, 63.0]","[255.0, 255.0, 255.0]","[127.0, 127.0, 127.0]","[0.0, 0.0, 0.0]","[191.0, 191.0, 191.0]"
goya,goya_0120,1.48515,8.63122,33.21452,"[127.0, 127.0, 127.0]","[255.0, 255.0, 255.0]","[63.0, 63.0, 63.0]","[0.0, 0.0, 0.0]","[191.0, 191.0, 191.0]"
goya,goya_0121,1.48515,5.44151,38.07261,"[127.0, 127.0, 127.0]","[255.0, 255.0, 255.0]","[63.0, 63.0, 63.0]","[191.0, 191.0, 191.0]","[0.0, 0.0, 0.0]"
goya,goya_0122,1.48515,2.30278,36.64686,"[63.0, 63.0, 63.0]","[255.0, 255.0, 255.0]","[0.0, 0.0, 0.0]","[127.0, 127.0, 127.0]","[191.0, 191.0, 191.0]"
goya,goya_0123,1.48515,32.67403,39.0363,"[255.0, 255.0, 255.0]","[63.0, 63.0, 63.0]","[127.0, 127.0, 127.0]","[191.0, 191.0, 191.0]","[0.0, 0.0, 0.0]"
goya,goya_0124,1.66667,1.35047,8.56296,"[255.0, 255.0, 255.0]","[63.0, 63.0, 63.0]","[127.0, 127.0, 127.0]","[191.0, 191.0, 191.0]","[0.0, 0.0, 0.0]"
goya,goya_0125,1.5,5.52874,6.41333,"[63.0, 63.0, 63.0]","[255.0, 255.0, 255.0]","[127.0, 127.0, 127.0]","[191.0, 191.0, 191.0]","[0.0, 0.0, 0.0]"
goya,goya_0126,1.48515,11.26271,35.08911,"[63.0, 63.0, 63.0]","[255.0, 255.0, 255.0]","[191.0, 191.0, 191.0]","[127.0, 127.0, 127.0]","[0.0, 0.0, 0.0]"
goya,goya_0127,1.48515,15.65517,38.9571,"[255.0, 255.0, 255.0]","[127.0, 127.0, 127.0]","[63.0, 63.0, 63.0]","[191.0, 191.0, 191.0]","[0.0, 0.0, 0.0]"
goya,goya_0128,1.59574,19.60526,5.28369,"[63.0, 63.0, 63.0]","[191.0, 191.0, 191.0]","[127.0, 127.0, 127.0]","[255.0, 255.0, 255.0]","[0.0, 0.0, 0.0]"
goya,goya_0129,1.48515,11.25184,40.40264,"[255.0, 255.0, 255.0]","[63.0, 63.0, 63.0]","[191.0, 191.0, 191.0]","[127.0, 127.0, 127.0]","[0.0, 0.0, 0.0]"
goya,goya_0130,1.48515,33.12353,37.16832,"[191.0, 191.0, 191.0]","[0.0, 0.0, 0.0]","[255.0, 255.0, 255.0]","[127.0, 127.0, 127.0]","[63.0, 63.0, 63.0]"
goya,goya_0131,1.48515,7.3711,34.34983,"[127.0, 127.0, 127.0]","[255.0, 255.0, 255.0]","[63.0, 63.0, 63.0]","[191.0, 191.0, 191.0]","[0.0, 0.0, 0.0]"
goya,goya_0132,1.48515,17.43189,34.63366,"[255.0, 255.0, 255.0]","[63.0, 63.0, 63.0]","[127.0, 127.0, 127.0]","[191.0, 191.0, 191.0]","[0.0, 0.0, 0.0]"
goya,goya_0133,1.48515,799.57143,36.94389,"[63.0, 63.0, 63.0]","[255.0, 255.0, 255.0]","[127.0, 127.0, 127.0]","[191.0, 191.0, 191.0]","[0.0, 0.0, 0.0]"
goya,goya_0134,1.74419,0.0,0.0,"[191.0, 191.0, 127.0]","[63.0, 63.0, 63.0]","[191.0, 191.0, 191.0]","[127.0, 127.0, 63.0]","[255.0, 191.0, 191.0]"
goya,goya_0135,1.48515,56.904,46.9505,"[0.0, 0.0, 0.0]","[191.0, 191.0, 191.0]","[255.0, 255.0, 255.0]","[127.0, 127.0, 127.0]","[63.0, 63.0, 63.0]"
goya,goya_0136,1.48515,3.84872,35.76898,"[255.0, 255.0, 255.0]","[63.0, 63.0, 63.0]","[0.0, 0.0, 0.0]","[191.0, 191.0, 191.0]","[127.0, 127.0, 127.0]"
goya,goya_0137,1.48515,31.04972,37.09571,"[127.0, 127.0, 127.0]","[255.0, 255.0, 255.0]","[63.0, 63.0, 63.0]","[191.0, 191.0, 191.0]","[0.0, 0.0, 0.0]"
goya,goya_0138,1.48515,5.64424,36.54785,"[255.0, 255.0, 255.0]","[63.0, 63.0, 63.0]","[191.0, 191.0, 191.0]","[127.0, 127.0, 127.0]","[0.0, 0.0, 0.0]"
goya,goya_0139,1.48515,30.09,39.72277,"[255.0, 255.0, 255.0]","[63.0, 63.0, 63.0]","[127.0, 127.0, 127.0]","[191.0, 191.0, 191.0]","[0.0, 0.0, 0.0]"
goya,goya_0140,1.6129,31.21739,5.14695,"[127.0, 127.0, 127.0]","[191.0, 191.0, 191.0]","[63.0, 63.0, 63.0]","[255.0, 255.0, 255.0]","[0.0, 0.0, 0.0]"
goya,goya_0141,1.6129,0.00676,0.19355,"[63.0, 63.0, 0.0]","[191.0, 191.0, 127.0]","[0.0, 0.0, 0.0]","[127.0, 127.0, 63.0]","[63.0, 63.0, 63.0]"
goya,goya_0142,1.6129,0.03791,0.15054,"[63.0, 63.0, 63.0]","[255.0, 191.0, 191.0]","[127.0, 63.0, 63.0]","[63.0, 0.0, 0.0]","[191.0, 127.0, 127.0]"
goya,goya_0143,1.48515,24.35124,38.89769,"[255.0, 255.0, 255.0]","[127.0, 127.0, 127.0]","[63.0, 63.0, 63.0]","[191.0, 191.0, 191.0]","[0.0, 0.0, 0.0]"
goya,goya_0144,1.48515,4.24216,32.14521,"[0.0, 0.0, 0.0]","[255.0, 255.0, 255.0]","[127.0, 127.0, 127.0]","[63.0, 63.0, 63.0]","[191.0, 191.0, 191.0]"
goya,goya_0145,1.48515,53.66667,34.0066,"[63.0, 63.0, 63.0]","[255.0, 255.0, 255.0]","[191.0, 191.0, 191.0]","[127.0, 127.0, 127.0]","[0.0, 0.0, 0.0]"
goya,goya_0147,1.48515,3.39668,35.15512,"[255.0, 255.0, 255.0]","[63.0, 63.0, 63.0]","[0.0, 0.0, 0.0]","[127.0, 127.0, 127.0]","[191.0, 191.0, 191.0]"
goya,goya_0148,1.48515,10.29897,39.56436,"[255.0, 255.0, 255.0]","[63.0, 63.0, 63.0]","[127.0, 127.0, 127.0]","[0.0, 0.0, 0.0]","[191.0, 191.0, 191.0]"
goya,goya_0149,1.48515,20.40484,38.92409,"[191.0, 191.0, 191.0]","[0.0, 0.0, 0.0]","[255.0, 255.0, 255.0]","[127.0, 127.0, 127.0]","[63.0, 63.0, 63.0]"
goya,goya_0150,1.48515,7.86151,32.22442,"[63.0, 63.0, 63.0]","[255.0, 255.0, 255.0]","[127.0, 127.0, 127.0]","[0.0, 0.0, 0.0]","[191.0, 191.0, 191.0]"
goya,goya_0152,1.48515,13.6987,34.81188,"[255.0, 255.0, 255.0]","[63.0, 63.0, 63.0]","[127.0, 127.0, 127.0]","[191.0, 191.0, 191.0]","[0.0, 0.0, 0.0]"
goya,goya_0153,1.48515,38.23529,34.32343,"[255.0, 255.0, 255.0]","[63.0, 63.0, 63.0]","[127.0, 127.0, 127.0]","[191.0, 191.0, 191.0]","[0.0, 0.0, 0.0]"
goya,goya_0154,1.48515,14.7359,37.93399,"[63.0, 63.0, 63.0]","[255.0, 255.0, 255.0]","[127.0, 127.0, 127.0]","[191.0, 191.0, 191.0]","[0.0, 0.0, 0.0]"
goya,goya_0155,1.48515,6.45545,34.42904,"[127.0, 127.0, 127.0]","[255.0, 255.0, 255.0]","[0.0, 0.0, 0.0]","[63.0, 63.0, 63.0]","[191.0, 191.0, 191.0]"
goya,goya_0156,1.6129,0.0,0.0,"[63.0, 63.0, 63.0]","[0.0, 0.0, 0.0]","[63.0, 127.0, 127.0]","[127.0, 63.0, 63.0]","[191.0, 191.0, 127.0]"
goya,goya_0157,1.42857,0.47852,2.54603,"[63.0, 63.0, 63.0]","[127.0, 127.0, 127.0]","[191.0, 191.0, 191.0]","[0.0, 0.0, 0.0]","[255.0, 255.0, 255.0]"
goya,goya_0158,1.66667,0.09218,3.08889,"[63.0, 63.0, 63.0]","[191.0, 191.0, 191.0]","[0.0, 0.0, 0.0]","[127.0, 127.0, 127.0]","[255.0, 255.0, 255.0]"
goya,goya_0159,1.64835,0.0,0.0,"[191.0, 191.0, 127.0]","[63.0, 63.0, 0.0]","[127.0, 63.0, 63.0]","[0.0, 0.0, 0.0]","[191.0, 127.0, 63.0]"
goya,goya_0160,1.15385,0.0,0.0,"[63.0, 63.0, 63.0]","[191.0, 191.0, 191.0]","[63.0, 0.0, 0.0]","[127.0, 127.0, 63.0]","[191.0, 127.0, 127.0]"
goya,goya_0161,1.48515,6.75274,36.59406,"[255.0, 255.0, 255.0]","[63.0, 63.0, 63.0]","[0.0, 0.0, 0.0]","[127.0, 127.0, 127.0]","[191.0, 191.0, 191.0]"
goya,goya_0162,1.48515,1.76266,35.39274,"[0.0, 0.0, 0.0]","[255.0, 255.0, 255.0]","[63.0, 63.0, 63.0]","[127.0, 127.0, 127.0]","[191.0, 191.0, 191.0]"
goya,goya_0163,1.48515,30.73333,36.51485,"[255.0, 255.0, 255.0]","[63.0, 63.0, 63.0]","[191.0, 191.0, 191.0]","[127.0, 127.0, 127.0]","[0.0, 0.0, 0.0]"
goya,goya_0164,1.48515,6175.0,40.75908,"[63.0, 63.0, 63.0]","[255.0, 255.0, 255.0]","[127.0, 127.0, 127.0]","[191.0, 191.0, 191.0]","[0.0, 0.0, 0.0]"
goya,goya_0165,1.48515,3.95844,42.74587,"[255.0, 255.0, 255.0]","[0.0, 0.0, 0.0]","[63.0, 63.0, 63.0]","[191.0, 191.0, 191.0]","[127.0, 127.0, 127.0]"
goya,goya_0166,1.48515,7.93171,34.50165,"[255.0, 255.0, 255.0]","[63.0, 63.0, 63.0]","[127.0, 127.0, 127.0]","[191.0, 191.0, 191.0]","[0.0, 0.0, 0.0]"
goya,goya_0167,1.48515,1889.66667,37.41914,"[191.0, 191.0, 191.0]","[63.0, 63.0, 63.0]","[255.0, 255.0, 255.0]","[127.0, 127.0, 127.0]","[0.0, 0.0, 0.0]"
goya,goya_0168,1.48515,24.53986,44.70627,"[191.0, 191.0, 191.0]","[127.0, 127.0, 127.0]","[255.0, 255.0, 255.0]","[0.0, 0.0, 0.0]","[63.0, 63.0, 63.0]"
goya,goya_0169,1.42857,0.57855,7.87937,"[63.0, 63.0, 63.0]","[191.0, 191.0, 191.0]","[127.0, 127.0, 127.0]","[0.0, 0.0, 0.0]","[255.0, 255.0, 255.0]"
goya,goya_0170,1.48515,34.29341,37.80198,"[255.0, 255.0, 255.0]","[127.0, 127.0, 127.0]","[191.0, 191.0, 191.0]","[63.0, 63.0, 63.0]","[0.0, 0.0, 0.0]"
goya,goya_0171,1.48515,161.5,31.9802,"[191.0, 191.0, 191.0]","[63.0, 63.0, 63.0]","[255.0, 255.0, 255.0]","[127.0, 127.0, 127.0]","[0.0, 0.0, 0.0]"
goya,goya_0173,1.47059,4.29711,16.54248,"[255.0, 255.0, 255.0]","[63.0, 63.0, 63.0]","[127.0, 127.0, 127.0]","[191.0, 191.0, 191.0]","[0.0, 0.0, 0.0]"
goya,goya_0174,1.48515,8.85692,37.59076,"[63.0, 63.0, 63.0]","[255.0, 255.0, 255.0]","[127.0, 127.0, 127.0]","[191.0, 191.0, 191.0]","[0.0, 0.0, 0.0]"
goya,goya_0175,1.48515,98.33333,36.9967,"[63.0, 63.0, 63.0]","[255.0, 255.0, 255.0]","[191.0, 191.0, 191.0]","[127.0, 127.0, 127.0]","[0.0, 0.0, 0.0]"
goya,goya_0179,1.48515,1314.0,34.69307,"[191.0, 191.0, 191.0]","[63.0, 63.0, 63.0]","[255.0, 255.0, 255.0]","[127.0, 127.0, 127.0]","[0.0, 0.0, 0.0]"
goya,goya_0180,1.5625,3527.0,24.49306,"[191.0, 191.0, 191.0]","[127.0, 127.0, 127.0]","[255.0, 255.0, 255.0]","[63.0, 63.0, 63.0]","[0.0, 0.0, 0.0]"
goya,goya_0181,1.48515,7.37585,35.88119,"[255.0, 255.0, 255.0]","[63.0, 63.0, 63.0]","[127.0, 127.0, 127.0]","[191.0, 191.0, 191.0]","[0.0, 0.0, 0.0]"
goya,goya_0182,1.48515,31.51829,34.11881,"[255.0, 255.0, 255.0]","[63.0, 63.0, 63.0]","[127.0, 127.0, 127.0]","[191.0, 191.0, 191.0]","[0.0, 0.0, 0.0]"
goya,goya_0183,1.48515,3.06612,36.73267,"[127.0, 127.0, 127.0]","[255.0, 255.0, 255.0]","[0.0, 0.0, 0.0]","[63.0, 63.0, 63.0]","[191.0, 191.0, 191.0]"
goya,goya_0184,1.48515,11.27885,30.9703,"[191.0, 191.0, 191.0]","[0.0, 0.0, 0.0]","[63.0, 63.0, 63.0]","[255.0, 255.0, 255.0]","[127.0, 127.0, 127.0]"
goya,goya_0185,1.48515,10.55652,40.06601,"[127.0, 127.0, 127.0]","[255.0, 255.0, 255.0]","[63.0, 63.0, 63.0]","[191.0, 191.0, 191.0]","[0.0, 0.0, 0.0]"
goya,goya_0187,1.48515,10.81526,35.55116,"[63.0, 63.0, 63.0]","[255.0, 255.0, 255.0]","[127.0, 127.0, 127.0]","[191.0, 191.0, 191.0]","[0.0, 0.0, 0.0]"
goya,goya_0188,1.48515,9.25042,36.08581,"[255.0, 255.0, 255.0]","[63.0, 63.0, 63.0]","[127.0, 127.0, 127.0]","[191.0, 191.0, 191.0]","[0.0, 0.0, 0.0]"
goya,goya_0189,1.48515,37.69863,36.33003,"[127.0, 127.0, 127.0]","[255.0, 255.0, 255.0]","[63.0, 63.0, 63.0]","[191.0, 191.0, 191.0]","[0.0, 0.0, 0.0]"
goya,goya_0190,1.48515,50.4127,41.92739,"[63.0, 63.0, 63.0]","[255.0, 255.0, 255.0]","[191.0, 191.0, 191.0]","[127.0, 127.0, 127.0]","[0.0, 0.0, 0.0]"
goya,goya_0192,1.48515,76.43478,34.81188,"[255.0, 255.0, 255.0]","[63.0, 63.0, 63.0]","[191.0, 191.0, 191.0]","[127.0, 127.0, 127.0]","[0.0, 0.0, 0.0]"
goya,goya_0193,1.70455,12.47727,4.15909,"[127.0, 127.0, 127.0]","[191.0, 191.0, 191.0]","[63.0, 63.0, 63.0]","[255.0, 255.0, 255.0]","[0.0, 0.0, 0.0]"
goya,goya_0194,1.59574,18.27451,6.60993,"[127.0, 127.0, 127.0]","[255.0, 255.0, 255.0]","[63.0, 63.0, 63.0]","[191.0, 191.0, 191.0]","[0.0, 0.0, 0.0]"
goya,goya_0195,1.48515,1.70414,38.0198,"[127.0, 127.0, 127.0]","[255.0, 255.0, 255.0]","[0.0, 0.0, 0.0]","[63.0, 63.0, 63.0]","[191.0, 191.0, 191.0]"
goya,goya_0196,1.48515,91.36709,47.64356,"[255.0, 255.0, 255.0]","[127.0, 127.0, 127.0]","[191.0, 191.0, 191.0]","[63.0, 63.0, 63.0]","[0.0, 0.0, 0.0]"
goya,goya_0197,1.48515,9.4709,35.44554,"[255.0, 255.0, 255.0]","[63.0, 63.0, 63.0]","[127.0, 127.0, 127.0]","[191.0, 191.0, 191.0]","[0.0, 0.0, 0.0]"
goya,goya_0198,1.48515,18.24522,37.81518,"[255.0, 255.0, 255.0]","[63.0, 63.0, 63.0]","[127.0, 127.0, 127.0]","[191.0, 191.0, 191.0]","[0.0, 0.0, 0.0]"
goya,goya_0199,1.48515,33.21354,42.09241,"[63.0, 63.0, 63.0]","[255.0, 255.0, 255.0]","[191.0, 191.0, 191.0]","[127.0, 127.0, 127.0]","[0.0, 0.0, 0.0]"
goya,goya_0201,1.48515,107.38333,42.52805,"[191.0, 191.0, 191.0]","[255.0, 255.0, 255.0]","[63.0, 63.0, 63.0]","[127.0, 127.0, 127.0]","[0.0, 0.0, 0.0]"
goya,goya_0203,1.31579,0.0,0.0,"[127.0, 63.0, 63.0]","[63.0, 0.0, 0.0]","[255.0, 191.0, 127.0]","[191.0, 127.0, 63.0]","[63.0, 63.0, 0.0]"
goya,goya_0204,1.33929,0.0,0.0,"[127.0, 127.0, 127.0]","[63.0, 63.0, 0.0]","[0.0, 0.0, 0.0]","[63.0, 63.0, 63.0]","[191.0, 191.0, 127.0]"
goya,goya_0205,1.30435,0.0,0.0,"[63.0, 63.0, 0.0]","[0.0, 0.0, 0.0]","[255.0, 191.0, 127.0]","[63.0, 63.0, 63.0]","[127.0, 127.0, 63.0]"
goya,goya_0206,1.42857,0.0,0.0,"[0.0, 0.0, 0.0]","[63.0, 63.0, 63.0]","[191.0, 127.0, 63.0]","[127.0, 63.0, 63.0]","[63.0, 63.0, 0.0]"
goya,goya_0207,1.74419,0.00284,0.15504,"[0.0, 0.0, 0.0]","[191.0, 63.0, 63.0]","[127.0, 63.0, 63.0]","[191.0, 191.0, 127.0]","[63.0, 63.0, 63.0]"
goya,goya_0208,0.83799,0.0,0.0,"[63.0, 0.0, 0.0]","[191.0, 127.0, 127.0]","[127.0, 63.0, 63.0]","[0.0, 0.0, 0.0]","[63.0, 63.0, 63.0]"
goya,goya_0209,0.50847,0.11011,1.16384,"[63.0, 63.0, 63.0]","[191.0, 191.0, 191.0]","[0.0, 0.0, 0.0]","[127.0, 127.0, 127.0]","[63.0, 63.0, 0.0]"
goya,goya_0210,0.55762,0.0,0.0,"[0.0, 0.0, 0.0]","[191.0, 127.0, 63.0]","[63.0, 63.0, 63.0]","[63.0, 0.0, 0.0]","[63.0, 63.0, 0.0]"
goya,goya_0211,1.76471,0.0,0.0,"[0.0, 0.0, 0.0]","[127.0, 127.0, 63.0]","[63.0, 63.0, 63.0]","[127.0, 127.0, 127.0]","[191.0, 127.0, 127.0]"
goya,goya_0212,1.2931,0.0019,0.01724,"[127.0, 127.0, 63.0]","[191.0, 191.0, 127.0]","[0.0, 0.0, 0.0]","[63.0, 63.0, 63.0]","[191.0, 127.0, 63.0]"
goya,goya_0213,0.50336,0.05601,0.85011,"[0.0, 0.0, 0.0]","[127.0, 127.0, 127.0]","[63.0, 63.0, 0.0]","[191.0, 191.0, 191.0]","[63.0, 63.0, 63.0]"
goya,goya_0214,0.56818,0.0,0.0,"[63.0, 0.0, 0.0]","[127.0, 127.0, 127.0]","[63.0, 63.0, 63.0]","[191.0, 191.0, 127.0]","[0.0, 0.0, 0.0]"
goya,goya_0216,1.6129,0.0,0.0,"[127.0, 63.0, 63.0]","[63.0, 0.0, 0.0]","[255.0, 63.0, 63.0]","[191.0, 127.0, 63.0]","[127.0, 63.0, 0.0]"
goya,goya_0217,0.56391,0.0,0.0,"[63.0, 63.0, 0.0]","[127.0, 127.0, 63.0]","[0.0, 0.0, 0.0]","[191.0, 191.0, 127.0]","[127.0, 63.0, 63.0]"
goya,goya_0218,1.21951,0.43944,0.84553,"[63.0, 0.0, 0.0]","[255.0, 255.0, 191.0]","[63.0, 63.0, 0.0]","[191.0, 127.0, 63.0]","[63.0, 63.0, 63.0]"
goya,goya_0219,0.70093,0.0,0.0,"[63.0, 63.0, 0.0]","[63.0, 63.0, 63.0]","[191.0, 191.0, 127.0]","[0.0, 0.0, 0.0]","[127.0, 63.0, 63.0]"
goya,goya_0220,1.27119,0.0,0.0,"[0.0, 0.0, 0.0]","[63.0, 63.0, 63.0]","[191.0, 127.0, 63.0]","[63.0, 0.0, 0.0]","[63.0, 63.0, 0.0]"
goya,goya_0222,1.74419,0.0,0.0,"[0.0, 0.0, 0.0]","[127.0, 63.0, 63.0]","[191.0, 191.0, 191.0]","[127.0, 127.0, 127.0]","[63.0, 63.0, 63.0]"
goya,goya_0223,1.57895,0.0,0.0,"[127.0, 63.0, 63.0]","[0.0, 0.0, 0.0]","[63.0, 63.0, 63.0]","[191.0, 191.0, 127.0]","[127.0, 127.0, 127.0]"
goya,goya_0224,1.27119,0.00021,0.00565,"[255.0, 191.0, 191.0]","[127.0, 127.0, 63.0]","[0.0, 0.0, 0.0]","[127.0, 63.0, 63.0]","[63.0, 63.0, 63.0]"
goya,goya_0225,1.53061,0.00176,0.04762,"[127.0, 127.0, 63.0]","[63.0, 63.0, 0.0]","[0.0, 0.0, 0.0]","[255.0, 191.0, 127.0]","[63.0, 63.0, 63.0]"
goya,goya_0226,1.2,1.15512,13.424,"[255.0, 255.0, 255.0]","[0.0, 0.0, 0.0]","[63.0, 63.0, 63.0]","[191.0, 191.0, 191.0]","[127.0, 127.0, 127.0]"
goya,goya_0227,0.59761,0.0,0.0,"[127.0, 63.0, 63.0]","[0.0, 0.0, 0.0]","[255.0, 191.0, 127.0]","[63.0, 63.0, 63.0]","[191.0, 127.0, 63.0]"
goya,goya_0228,1.2605,0.0,0.0,"[63.0, 63.0, 0.0]","[127.0, 127.0, 63.0]","[63.0, 63.0, 63.0]","[191.0, 191.0, 127.0]","[63.0, 0.0, 0.0]"
goya,goya_0229,0.69124,0.0,0.0,"[63.0, 63.0, 0.0]","[191.0, 191.0, 191.0]","[127.0, 63.0, 63.0]","[63.0, 0.0, 0.0]","[191.0, 127.0, 63.0]"
goya,goya_0230,1.51515,0.00266,0.22896,"[63.0, 63.0, 0.0]","[0.0, 0.0, 0.0]","[191.0, 191.0, 191.0]","[63.0, 63.0, 63.0]","[127.0, 63.0, 63.0]"
goya,goya_0231,1.51515,0.00291,0.19529,"[0.0, 0.0, 0.0]","[191.0, 191.0, 191.0]","[63.0, 63.0, 63.0]","[63.0, 0.0, 0.0]","[127.0, 127.0, 63.0]"
goya,goya_0233,1.25,0.0,0.0,"[127.0, 63.0, 63.0]","[63.0, 63.0, 0.0]","[0.0, 0.0, 0.0]","[191.0, 127.0, 63.0]","[63.0, 63.0, 63.0]"
goya,goya_0234,1.51515,0.0,0.0,"[63.0, 63.0, 0.0]","[127.0, 63.0, 63.0]","[191.0, 127.0, 63.0]","[63.0, 0.0, 0.0]","[127.0, 63.0, 0.0]"
goya,goya_0235,1.2605,0.00125,0.08964,"[0.0, 0.0, 0.0]","[127.0, 63.0, 63.0]","[191.0, 191.0, 191.0]","[63.0, 63.0, 63.0]","[63.0, 63.0, 0.0]"
goya,goya_0236,1.57895,0.02079,0.90526,"[63.0, 0.0, 0.0]","[191.0, 191.0, 191.0]","[127.0, 127.0, 127.0]","[0.0, 0.0, 0.0]","[63.0, 63.0, 63.0]"
goya,goya_0237,1.42857,0.0,0.0,"[127.0, 127.0, 63.0]","[63.0, 63.0, 63.0]","[191.0, 191.0, 127.0]","[63.0, 0.0, 0.0]","[127.0, 127.0, 127.0]"
goya,goya_0238,1.35135,0.0,0.0,"[127.0, 63.0, 63.0]","[191.0, 191.0, 127.0]","[63.0, 0.0, 0.0]","[63.0, 63.0, 63.0]","[127.0, 127.0, 63.0]"
goya,goya_0239,1.44231,0.00091,0.03205,"[63.0, 63.0, 63.0]","[127.0, 127.0, 63.0]","[0.0, 0.0, 0.0]","[127.0, 127.0, 127.0]","[191.0, 191.0, 191.0]"
goya,goya_0240,0.81967,0.13584,4.59745,"[191.0, 191.0, 191.0]","[63.0, 63.0, 63.0]","[0.0, 0.0, 0.0]","[127.0, 127.0, 127.0]","[255.0, 255.0, 255.0]"
goya,goya_0242,1.28205,0.0,0.0,"[63.0, 0.0, 63.0]","[63.0, 0.0, 0.0]","[127.0, 127.0, 63.0]","[0.0, 0.0, 0.0]","[63.0, 63.0, 63.0]"
goya,goya_0243,0.85227,0.76984,14.0,"[63.0, 63.0, 63.0]","[255.0, 255.0, 255.0]","[0.0, 0.0, 0.0]","[127.0, 127.0, 127.0]","[191.0, 191.0, 191.0]"
goya,goya_0244,1.23967,0.0,0.0,"[63.0, 63.0, 63.0]","[63.0, 0.0, 0.0]","[127.0, 127.0, 63.0]","[0.0, 0.0, 0.0]","[191.0, 127.0, 127.0]"
goya,goya_0245,0.71429,0.0,0.0,"[127.0, 127.0, 63.0]","[0.0, 0.0, 0.0]","[63.0, 63.0, 0.0]","[191.0, 191.0, 127.0]","[0.0, 63.0, 0.0]"
goya,goya_0247,1.41509,7.36643,46.65409,"[127.0, 127.0, 127.0]","[255.0, 255.0, 255.0]","[191.0, 191.0, 191.0]","[0.0, 0.0, 0.0]","[63.0, 63.0, 63.0]"
goya,goya_0248,0.70423,0.00799,0.36933,"[0.0, 0.0, 0.0]","[191.0, 127.0, 127.0]","[63.0, 63.0, 0.0]","[191.0, 191.0, 191.0]","[127.0, 127.0, 63.0]"
goya,goya_0249,0.71429,0.0029,0.13651,"[0.0, 0.0, 0.0]","[127.0, 127.0, 63.0]","[191.0, 191.0, 127.0]","[63.0, 63.0, 63.0]","[191.0, 127.0, 127.0]"
goya,goya_0250,1.68539,0.0,0.0,"[0.0, 0.0, 0.0]","[63.0, 63.0, 63.0]","[255.0, 127.0, 63.0]","[0.0, 63.0, 0.0]","[63.0, 63.0, 0.0]"
goya,goya_0251,1.36364,0.0,0.0,"[63.0, 63.0, 63.0]","[0.0, 0.0, 0.0]","[127.0, 127.0, 127.0]","[191.0, 191.0, 191.0]","[127.0, 127.0, 63.0]"
goya,goya_0252,1.5,0.00038,0.02,"[0.0, 0.0, 0.0]","[127.0, 127.0, 63.0]","[63.0, 63.0, 63.0]","[63.0, 63.0, 0.0]","[191.0, 191.0, 127.0]"
goya,goya_0253,1.41509,0.0,0.0,"[191.0, 191.0, 127.0]","[0.0, 0.0, 0.0]","[63.0, 63.0, 63.0]","[127.0, 127.0, 63.0]","[127.0, 63.0, 63.0]"
goya,goya_0254,0.78534,0.01226,0.10471,"[127.0, 127.0, 63.0]","[63.0, 0.0, 0.0]","[191.0, 191.0, 127.0]","[63.0, 63.0, 63.0]","[127.0, 127.0, 127.0]"
goya,goya_0255,0.72464,0.02146,0.6087,"[0.0, 0.0, 0.0]","[127.0, 127.0, 63.0]","[191.0, 191.0, 127.0]","[63.0, 63.0, 63.0]","[191.0, 127.0, 63.0]"
goya,goya_0256,0.7177,0.0,0.0,"[0.0, 0.0, 0.0]","[127.0, 63.0, 63.0]","[127.0, 127.0, 127.0]","[63.0, 63.0, 63.0]","[63.0, 0.0, 0.0]"
goya,goya_0257,0.68182,0.0,0.0,"[0.0, 0.0, 0.0]","[127.0, 127.0, 63.0]","[191.0, 127.0, 127.0]","[63.0, 0.0, 0.0]","[127.0, 63.0, 63.0]"
goya,goya_0258,1.11111,9e-05,0.00494,"[63.0, 0.0, 63.0]","[0.0, 0.0, 0.0]","[191.0, 127.0, 63.0]","[63.0, 63.0, 63.0]","[255.0, 191.0, 127.0]"
goya,goya_0259,0.83799,1.00543,6.20484,"[0.0, 0.0, 0.0]","[191.0, 191.0, 255.0]","[127.0, 63.0, 63.0]","[127.0, 127.0, 127.0]","[63.0, 63.0, 63.0]"
goya,goya_0260,1.35135,0.00154,0.04204,"[63.0, 0.0, 0.0]","[127.0, 127.0, 127.0]","[63.0, 63.0, 63.0]","[0.0, 0.0, 0.0]","[191.0, 191.0, 191.0]"
goya,goya_0261,0.76923,0.0,0.0,"[63.0, 0.0, 63.0]","[63.0, 63.0, 63.0]","[191.0, 127.0, 63.0]","[127.0, 127.0, 63.0]","[127.0, 63.0, 63.0]"
goya,goya_0263,1.23967,0.0,0.0,"[0.0, 0.0, 0.0]","[127.0, 127.0, 63.0]","[63.0, 63.0, 63.0]","[63.0, 63.0, 0.0]","[191.0, 191.0, 127.0]"
goya,goya_0264,1.35135,0.00028,0.01802,"[0.0, 0.0, 0.0]","[191.0, 191.0, 191.0]","[127.0, 63.0, 63.0]","[63.0, 0.0, 0.0]","[63.0, 63.0, 63.0]"
goya,goya_0265,0.62241,0.03577,0.4758,"[63.0, 63.0, 63.0]","[191.0, 127.0, 127.0]","[0.0, 0.0, 0.0]","[127.0, 127.0, 127.0]","[191.0, 191.0, 191.0]"
goya,goya_0266,0.81967,6.11765,0.37887,"[63.0, 0.0, 63.0]","[191.0, 191.0, 191.0]","[63.0, 63.0, 63.0]","[127.0, 127.0, 127.0]","[191.0, 255.0, 255.0]"
goya,goya_0268,0.76531,0.04922,0.4966,"[0.0, 0.0, 0.0]","[127.0, 127.0, 63.0]","[0.0, 0.0, 63.0]","[63.0, 63.0, 63.0]","[191.0, 191.0, 127.0]"
goya,goya_0269,1.45631,0.00551,0.08414,"[191.0, 191.0, 191.0]","[63.0, 63.0, 63.0]","[0.0, 0.0, 0.0]","[127.0, 127.0, 63.0]","[127.0, 63.0, 63.0]"
goya,goya_0270,1.72414,0.0,0.0,"[0.0, 0.0, 0.0]","[127.0, 63.0, 63.0]","[191.0, 127.0, 63.0]","[63.0, 63.0, 0.0]","[63.0, 63.0, 63.0]"
goya,goya_0271,1.1194,0.02805,0.84577,"[63.0, 63.0, 0.0]","[191.0, 191.0, 191.0]","[63.0, 63.0, 63.0]","[127.0, 127.0, 127.0]","[0.0, 0.0, 0.0]"
goya,goya_0272,0.70093,13582.0,42.31153,"[255.0, 255.0, 255.0]","[127.0, 127.0, 127.0]","[191.0, 191.0, 191.0]","[63.0, 63.0, 63.0]","[191.0, 255.0, 255.0]"
goya,goya_0274,1.44231,0.03385,0.33333,"[191.0, 0.0, 0.0]","[63.0, 63.0, 63.0]","[191.0, 191.0, 191.0]","[0.0, 0.0, 0.0]","[191.0, 63.0, 63.0]"
goya,goya_0275,1.28205,0.0,0.0,"[63.0, 63.0, 63.0]","[191.0, 191.0, 127.0]","[0.0, 0.0, 0.0]","[127.0, 127.0, 63.0]","[127.0, 63.0, 63.0]"
goya,goya_0276,1.44231,0.0,0.0,"[127.0, 127.0, 127.0]","[0.0, 0.0, 0.0]","[63.0, 63.0, 0.0]","[191.0, 191.0, 191.0]","[63.0, 63.0, 63.0]"
goya,goya_0277,0.66372,17.0,0.70206,"[191.0, 191.0, 191.0]","[63.0, 63.0, 63.0]","[127.0, 127.0, 127.0]","[127.0, 127.0, 63.0]","[127.0, 63.0, 63.0]"
goya,goya_0278,1.37615,0.01612,0.4159,"[0.0, 63.0, 63.0]","[63.0, 63.0, 63.0]","[191.0, 191.0, 191.0]","[0.0, 0.0, 0.0]","[127.0, 127.0, 127.0]"
goya,goya_0279,1.25,0.0,0.0,"[127.0, 63.0, 63.0]","[63.0, 0.0, 0.0]","[63.0, 63.0, 63.0]","[0.0, 0.0, 0.0]","[63.0, 63.0, 0.0]"
goya,goya_0280,0.61475,0.0,0.0,"[127.0, 63.0, 63.0]","[0.0, 0.0, 0.0]","[63.0, 63.0, 63.0]","[127.0, 127.0, 127.0]","[63.0, 0.0, 63.0]"
goya,goya_0281,0.7772,0.03252,0.51468,"[127.0, 127.0, 63.0]","[63.0, 63.0, 63.0]","[191.0, 191.0, 191.0]","[0.0, 0.0, 0.0]","[127.0, 127.0, 127.0]"
goya,goya_0282,0.75,0.0,0.0,"[127.0, 63.0, 63.0]","[127.0, 127.0, 127.0]","[63.0, 63.0, 63.0]","[191.0, 191.0, 191.0]","[0.0, 0.0, 0.0]"
goya,goya_0283,1.20968,0.02912,1.13441,"[127.0, 127.0, 127.0]","[0.0, 0.0, 0.0]","[127.0, 127.0, 63.0]","[191.0, 191.0, 191.0]","[63.0, 63.0, 63.0]"
goya,goya_0285,0.76531,0.0,0.0,"[191.0, 191.0, 191.0]","[63.0, 63.0, 63.0]","[0.0, 0.0, 0.0]","[127.0, 127.0, 127.0]","[127.0, 63.0, 63.0]"
goya,goya_0286,0.75,0.16764,0.95667,"[191.0, 191.0, 191.0]","[63.0, 63.0, 63.0]","[127.0, 127.0, 127.0]","[0.0, 0.0, 0.0]","[191.0, 191.0, 255.0]"
goya,goya_0287,1.72414,0.00381,0.19157,"[0.0, 0.0, 0.0]","[127.0, 63.0, 0.0]","[191.0, 127.0, 63.0]","[63.0, 0.0, 0.0]","[191.0, 191.0, 191.0]"
goya,goya_0288,1.36364,14.1087,39.33333,"[127.0, 127.0, 127.0]","[255.0, 255.0, 255.0]","[191.0, 191.0, 191.0]","[63.0, 63.0, 63.0]","[0.0, 0.0, 0.0]"
goya,goya_0289,0.75377,1.33638,3.43384,"[63.0, 63.0, 63.0]","[191.0, 191.0, 191.0]","[127.0, 127.0, 127.0]","[255.0, 255.0, 255.0]","[0.0, 0.0, 0.0]"
goya,goya_0290,1.35135,0.00221,0.03003,"[63.0, 0.0, 0.0]","[191.0, 127.0, 127.0]","[63.0, 63.0, 63.0]","[255.0, 191.0, 191.0]","[0.0, 0.0, 0.0]"
goya,goya_0291,1.17188,0.0,0.0,"[63.0, 0.0, 63.0]","[255.0, 191.0, 127.0]","[0.0, 0.0, 0.0]","[127.0, 127.0, 127.0]","[63.0, 63.0, 63.0]"
goya,goya_0292,1.32743,0.23259,5.85251,"[0.0, 0.0, 0.0]","[191.0, 191.0, 191.0]","[63.0, 63.0, 63.0]","[127.0, 127.0, 127.0]","[255.0, 255.0, 255.0]"
goya,goya_0293,0.73171,0.03596,0.65041,"[0.0, 0.0, 0.0]","[63.0, 63.0, 63.0]","[255.0, 255.0, 191.0]","[127.0, 127.0, 63.0]","[63.0, 63.0, 0.0]"
goya,goya_0294,0.75377,1.15041,5.17588,"[191.0, 191.0, 191.0]","[63.0, 63.0, 63.0]","[127.0, 127.0, 127.0]","[255.0, 255.0, 255.0]","[0.0, 0.0, 0.0]"
goya,goya_0295,0.70755,2.34278,29.89623,"[191.0, 191.0, 191.0]","[63.0, 63.0, 63.0]","[255.0, 255.0, 255.0]","[127.0, 127.0, 127.0]","[0.0, 0.0, 0.0]"
goya,goya_0296,0.75758,0.23655,1.98316,"[0.0, 0.0, 0.0]","[191.0, 191.0, 191.0]","[127.0, 127.0, 127.0]","[63.0, 63.0, 63.0]","[255.0, 255.0, 255.0]"
goya,goya_0297,0.76531,0.3394,3.61565,"[191.0, 191.0, 191.0]","[63.0, 63.0, 63.0]","[127.0, 127.0, 127.0]","[0.0, 0.0, 0.0]","[255.0, 255.0, 255.0]"
goya,goya_0299,1.35135,1.72928,9.3994,"[0.0, 0.0, 0.0]","[191.0, 191.0, 191.0]","[63.0, 63.0, 63.0]","[127.0, 127.0, 127.0]","[255.0, 255.0, 255.0]"
goya,goya_0300,1.33929,0.0,0.0,"[63.0, 63.0, 0.0]","[63.0, 63.0, 63.0]","[191.0, 127.0, 63.0]","[63.0, 0.0, 0.0]","[191.0, 63.0, 63.0]"
goya,goya_0301,1.41509,0.04064,1.07547,"[63.0, 63.0, 0.0]","[191.0, 191.0, 191.0]","[127.0, 127.0, 127.0]","[63.0, 63.0, 63.0]","[0.0, 0.0, 0.0]"
goya,goya_0302,0.65789,6.36647,18.54094,"[63.0, 63.0, 63.0]","[191.0, 191.0, 191.0]","[255.0, 255.0, 255.0]","[127.0, 127.0, 127.0]","[0.0, 0.0, 0.0]"
goya,goya_0303,1.47059,0.05728,1.14379,"[63.0, 63.0, 63.0]","[0.0, 0.0, 0.0]","[191.0, 191.0, 191.0]","[127.0, 127.0, 63.0]","[127.0, 63.0, 63.0]"
goya,goya_0304,0.65789,0.97502,2.96784,"[191.0, 191.0, 255.0]","[63.0, 63.0, 63.0]","[191.0, 191.0, 191.0]","[127.0, 127.0, 127.0]","[0.0, 0.0, 0.0]"
goya,goya_0305,0.66079,47.2381,11.65345,"[191.0, 191.0, 255.0]","[127.0, 127.0, 127.0]","[63.0, 63.0, 63.0]","[191.0, 191.0, 191.0]","[255.0, 255.0, 255.0]"
goya,goya_0306,0.6,404.75,12.952,"[127.0, 127.0, 127.0]","[191.0, 191.0, 191.0]","[255.0, 255.0, 255.0]","[63.0, 63.0, 63.0]","[0.0, 0.0, 0.0]"
goya,goya_0307,1.33929,0.0,0.0,"[0.0, 0.0, 0.0]","[63.0, 63.0, 63.0]","[127.0, 127.0, 63.0]","[191.0, 191.0, 127.0]","[127.0, 63.0, 63.0]"
goya,goya_0308,1.38889,0.0,0.0,"[0.0, 0.0, 0.0]","[63.0, 63.0, 63.0]","[191.0, 127.0, 127.0]","[127.0, 63.0, 63.0]","[191.0, 191.0, 127.0]"
goya,goya_0309,1.27119,0.03477,0.14124,"[127.0, 63.0, 63.0]","[0.0, 0.0, 0.0]","[191.0, 191.0, 127.0]","[63.0, 63.0, 63.0]","[63.0, 63.0, 0.0]"
goya,goya_0310,0.62762,0.00012,0.00279,"[63.0, 63.0, 63.0]","[191.0, 191.0, 127.0]","[0.0, 0.0, 0.0]","[127.0, 127.0, 127.0]","[127.0, 127.0, 63.0]"
goya,goya_0311,1.41509,0.0023,0.14465,"[63.0, 63.0, 63.0]","[0.0, 0.0, 0.0]","[127.0, 127.0, 127.0]","[191.0, 191.0, 191.0]","[127.0, 63.0, 63.0]"
goya,goya_0312,1.41509,64.23077,63.01887,"[191.0, 191.0, 191.0]","[255.0, 255.0, 255.0]","[63.0, 63.0, 63.0]","[127.0, 127.0, 127.0]","[0.0, 0.0, 0.0]"
goya,goya_0313,1.5,0.01247,0.33333,"[127.0, 127.0, 63.0]","[0.0, 0.0, 0.0]","[63.0, 63.0, 63.0]","[127.0, 127.0, 127.0]","[191.0, 191.0, 191.0]"
goya,goya_0314,1.78571,0.0,0.0,"[191.0, 127.0, 63.0]","[0.0, 0.0, 0.0]","[191.0, 191.0, 127.0]","[63.0, 63.0, 63.0]","[127.0, 127.0, 63.0]"
goya,goya_0315,0.68493,137.93333,18.89498,"[127.0, 127.0, 127.0]","[191.0, 191.0, 255.0]","[255.0, 255.0, 255.0]","[63.0, 63.0, 63.0]","[191.0, 191.0, 191.0]"
goya,goya_0316,0.65217,3.36383,4.47536,"[191.0, 191.0, 255.0]","[63.0, 63.0, 63.0]","[127.0, 127.0, 191.0]","[127.0, 127.0, 127.0]","[191.0, 191.0, 191.0]"
goya,goya_0317,1.59574,0.05873,1.29078,"[63.0, 63.0, 0.0]","[191.0, 191.0, 191.0]","[63.0, 63.0, 63.0]","[0.0, 0.0, 0.0]","[127.0, 127.0, 127.0]"
goya,goya_0318,1.51515,0.03138,1.43434,"[0.0, 0.0, 0.0]","[191.0, 127.0, 127.0]","[63.0, 63.0, 63.0]","[127.0, 127.0, 63.0]","[255.0, 191.0, 191.0]"
goya,goya_0319,0.75,1.02381,3.29667,"[191.0, 191.0, 191.0]","[63.0, 63.0, 63.0]","[127.0, 127.0, 127.0]","[191.0, 191.0, 255.0]","[0.0, 0.0, 0.0]"
goya,goya_0320,0.76923,3.43846,1.52821,"[191.0, 191.0, 191.0]","[63.0, 63.0, 63.0]","[127.0, 127.0, 127.0]","[255.0, 255.0, 255.0]","[0.0, 0.0, 0.0]"
goya,goya_0321,1.59574,0.0,0.0,"[63.0, 63.0, 0.0]","[63.0, 63.0, 63.0]","[127.0, 127.0, 127.0]","[0.0, 0.0, 0.0]","[191.0, 191.0, 191.0]"
goya,goya_0322,1.53061,0.0,0.0,"[255.0, 191.0, 191.0]","[63.0, 0.0, 0.0]","[127.0, 127.0, 63.0]","[191.0, 191.0, 127.0]","[127.0, 63.0, 0.0]"
goya,goya_0323,1.20968,0.0,0.0,"[0.0, 0.0, 0.0]","[63.0, 63.0, 63.0]","[127.0, 127.0, 127.0]","[63.0, 0.0, 0.0]","[191.0, 127.0, 127.0]"
goya,goya_0324,1.2605,0.0,0.0,"[63.0, 63.0, 0.0]","[0.0, 0.0, 0.0]","[191.0, 191.0, 191.0]","[63.0, 63.0, 63.0]","[127.0, 127.0, 127.0]"
goya,goya_0325,1.40187,0.04398,0.1433,"[0.0, 0.0, 0.0]","[191.0, 191.0, 191.0]","[127.0, 127.0, 127.0]","[63.0, 63.0, 63.0]","[191.0, 191.0, 127.0]"
goya,goya_0327,1.37615,0.0,0.0,"[63.0, 63.0, 0.0]","[127.0, 127.0, 63.0]","[0.0, 0.0, 0.0]","[63.0, 63.0, 63.0]","[191.0, 191.0, 127.0]"
goya,goya_0328,0.67265,0.47344,5.72795,"[63.0, 63.0, 63.0]","[255.0, 255.0, 255.0]","[0.0, 0.0, 0.0]","[127.0, 127.0, 127.0]","[191.0, 191.0, 191.0]"
goya,goya_0329,0.67568,0.20058,2.5045,"[63.0, 63.0, 63.0]","[191.0, 191.0, 191.0]","[0.0, 0.0, 0.0]","[127.0, 127.0, 127.0]","[255.0, 255.0, 255.0]"
goya,goya_0330,0.64935,0.02209,0.37518,"[63.0, 63.0, 0.0]","[63.0, 63.0, 63.0]","[191.0, 191.0, 191.0]","[0.0, 0.0, 0.0]","[127.0, 127.0, 127.0]"
goya,goya_0331,0.65789,0.60074,5.25731,"[255.0, 255.0, 255.0]","[63.0, 63.0, 63.0]","[191.0, 191.0, 191.0]","[127.0, 127.0, 127.0]","[0.0, 0.0, 0.0]"
goya,goya_0332,0.46154,0.00061,0.01026,"[127.0, 127.0, 63.0]","[191.0, 191.0, 127.0]","[63.0, 63.0, 0.0]","[255.0, 191.0, 191.0]","[0.0, 0.0, 0.0]"
goya,goya_0333,0.49505,0.0,0.0,"[0.0, 0.0, 0.0]","[63.0, 63.0, 63.0]","[127.0, 127.0, 63.0]","[191.0, 191.0, 127.0]","[63.0, 63.0, 0.0]"
goya,goya_0334,0.69444,0.0,0.0,"[63.0, 63.0, 63.0]","[127.0, 127.0, 127.0]","[0.0, 0.0, 0.0]","[191.0, 191.0, 191.0]","[63.0, 63.0, 63.0]"
goya,goya_0335,1.2605,0.0,0.0,"[0.0, 0.0, 0.0]","[127.0, 127.0, 127.0]","[0.0, 0.0, 63.0]","[63.0, 63.0, 63.0]","[191.0, 191.0, 191.0]"
goya,goya_0336,0.48077,0.03425,0.70085,"[63.0, 63.0, 63.0]","[191.0, 191.0, 191.0]","[127.0, 127.0, 127.0]","[0.0, 0.0, 0.0]","[127.0, 63.0, 63.0]"
goya,goya_0337,0.66667,0.13536,1.65037,"[63.0, 63.0, 63.0]","[255.0, 255.0, 255.0]","[0.0, 0.0, 0.0]","[127.0, 127.0, 127.0]","[191.0, 191.0, 191.0]"
goya,goya_0338,1.78571,0.00032,0.00794,"[63.0, 0.0, 0.0]","[63.0, 63.0, 63.0]","[191.0, 191.0, 127.0]","[0.0, 0.0, 0.0]","[127.0, 127.0, 63.0]"
goya,goya_0339,1.13636,0.0,0.0,"[0.0, 0.0, 0.0]","[191.0, 127.0, 127.0]","[63.0, 63.0, 63.0]","[191.0, 191.0, 191.0]","[127.0, 127.0, 127.0]"
goya,goya_0340,0.66667,0.0992,0.95111,"[127.0, 127.0, 127.0]","[0.0, 0.0, 0.0]","[63.0, 63.0, 63.0]","[191.0, 191.0, 191.0]","[255.0, 255.0, 255.0]"
goya,goya_0341,0.67873,0.58225,5.79789,"[63.0, 63.0, 63.0]","[191.0, 191.0, 191.0]","[127.0, 127.0, 127.0]","[0.0, 0.0, 0.0]","[255.0, 255.0, 255.0]"
goya,goya_0342,2.02703,0.0,0.0,"[63.0, 63.0, 63.0]","[0.0, 0.0, 0.0]","[191.0, 191.0, 127.0]","[63.0, 63.0, 0.0]","[127.0, 63.0, 63.0]"
goya,goya_0343,0.57915,0.0,0.0,"[127.0, 127.0, 63.0]","[63.0, 0.0, 0.0]","[63.0, 63.0, 63.0]","[0.0, 0.0, 0.0]","[191.0, 191.0, 127.0]"
goya,goya_0344,0.66964,2.27025,10.4256,"[63.0, 63.0, 63.0]","[191.0, 191.0, 191.0]","[127.0, 127.0, 127.0]","[255.0, 255.0, 255.0]","[0.0, 0.0, 0.0]"
goya,goya_0345,1.42857,1.06268,11.51746,"[191.0, 191.0, 191.0]","[63.0, 63.0, 63.0]","[255.0, 255.0, 255.0]","[0.0, 0.0, 0.0]","[127.0, 127.0, 127.0]"
goya,goya_0346,0.46875,0.0,0.0,"[0.0, 63.0, 0.0]","[127.0, 127.0, 127.0]","[63.0, 63.0, 63.0]","[191.0, 191.0, 127.0]","[63.0, 63.0, 0.0]"
goya,goya_0347,1.85185,0.0,0.0,"[63.0, 63.0, 63.0]","[0.0, 0.0, 63.0]","[0.0, 0.0, 0.0]","[191.0, 127.0, 127.0]","[127.0, 127.0, 63.0]"
goya,goya_0348,0.31315,0.0,0.0,"[63.0, 0.0, 0.0]","[63.0, 63.0, 0.0]","[127.0, 127.0, 63.0]","[63.0, 63.0, 63.0]","[0.0, 0.0, 0.0]"
goya,goya_0349,0.69767,0.05414,2.4155,"[63.0, 63.0, 63.0]","[0.0, 0.0, 0.0]","[191.0, 191.0, 191.0]","[127.0, 127.0, 127.0]","[255.0, 255.0, 255.0]"
goya,goya_0350,2.27273,0.0,0.0,"[63.0, 0.0, 0.0]","[127.0, 127.0, 63.0]","[63.0, 63.0, 63.0]","[0.0, 0.0, 0.0]","[63.0, 63.0, 0.0]"
goya,goya_0351,1.47059,3.98496,10.39216,"[127.0, 127.0, 127.0]","[255.0, 191.0, 191.0]","[191.0, 191.0, 191.0]","[63.0, 63.0, 63.0]","[255.0, 255.0, 255.0]"
goya,goya_0352,2.0,0.00027,0.00889,"[63.0, 63.0, 63.0]","[0.0, 0.0, 0.0]","[255.0, 191.0, 127.0]","[63.0, 0.0, 0.0]","[127.0, 127.0, 63.0]"
goya,goya_0354,0.65217,0.36858,2.86957,"[63.0, 0.0, 63.0]","[191.0, 191.0, 255.0]","[127.0, 127.0, 127.0]","[63.0, 63.0, 63.0]","[0.0, 0.0, 0.0]"
goya,goya_0355,1.42857,0.54185,3.9873,"[255.0, 255.0, 255.0]","[191.0, 191.0, 191.0]","[0.0, 0.0, 0.0]","[63.0, 63.0, 63.0]","[191.0, 191.0, 255.0]"
goya,goya_0356,0.31712,0.0,0.0,"[127.0, 127.0, 63.0]","[0.0, 0.0, 0.0]","[63.0, 63.0, 63.0]","[127.0, 63.0, 63.0]","[63.0, 63.0, 0.0]"
goya,goya_0357,0.66667,1.30242,1.91407,"[63.0, 63.0, 63.0]","[191.0, 191.0, 191.0]","[127.0, 127.0, 127.0]","[255.0, 255.0, 255.0]","[0.0, 0.0, 0.0]"
goya,goya_0358,1.2931,85.59649,28.04023,"[191.0, 191.0, 191.0]","[127.0, 127.0, 127.0]","[255.0, 255.0, 255.0]","[63.0, 63.0, 63.0]","[0.0, 0.0, 0.0]"
goya,goya_0359,1.23967,0.0,0.0,"[127.0, 127.0, 63.0]","[0.0, 0.0, 0.0]","[63.0, 63.0, 63.0]","[63.0, 0.0, 0.0]","[191.0, 127.0, 127.0]"
goya,goya_0360,1.06383,139.33333,7.90544,"[191.0, 191.0, 191.0]","[127.0, 127.0, 127.0]","[63.0, 63.0, 63.0]","[255.0, 255.0, 255.0]","[0.0, 0.0, 0.0]"
goya,goya_0361,1.03448,0.0,0.0,"[191.0, 191.0, 127.0]","[127.0, 63.0, 63.0]","[63.0, 63.0, 0.0]","[127.0, 127.0, 63.0]","[255.0, 191.0, 191.0]"
goya,goya_0362,1.47059,0.00299,0.11765,"[63.0, 0.0, 0.0]","[191.0, 191.0, 191.0]","[63.0, 63.0, 63.0]","[127.0, 127.0, 127.0]","[0.0, 0.0, 0.0]"
goya,goya_0363,1.14504,0.0,0.0,"[63.0, 63.0, 0.0]","[0.0, 0.0, 0.0]","[191.0, 127.0, 127.0]","[63.0, 63.0, 63.0]","[127.0, 127.0, 127.0]"
goya,goya_0364,0.64378,1.8845,10.78398,"[63.0, 63.0, 63.0]","[191.0, 191.0, 191.0]","[127.0, 127.0, 127.0]","[255.0, 255.0, 255.0]","[0.0, 0.0, 0.0]"
goya,goya_0366,0.73529,13.80667,33.83987,"[191.0, 191.0, 191.0]","[63.0, 63.0, 63.0]","[255.0, 255.0, 255.0]","[127.0, 127.0, 127.0]","[0.0, 0.0, 0.0]"
goya,goya_0367,0.72464,0.63382,2.9211,"[63.0, 63.0, 63.0]","[191.0, 191.0, 191.0]","[127.0, 127.0, 127.0]","[0.0, 0.0, 0.0]","[255.0, 255.0, 255.0]"
goya,goya_0369,0.71429,0.0,0.0,"[127.0, 63.0, 63.0]","[255.0, 191.0, 127.0]","[63.0, 63.0, 63.0]","[255.0, 255.0, 191.0]","[191.0, 127.0, 63.0]"
goya,goya_0370,1.25,0.0,0.0,"[63.0, 63.0, 63.0]","[0.0, 0.0, 0.0]","[191.0, 127.0, 127.0]","[63.0, 0.0, 0.0]","[63.0, 63.0, 0.0]"
goya,goya_0371,1.11111,0.03369,0.72099,"[63.0, 63.0, 63.0]","[191.0, 127.0, 127.0]","[0.0, 0.0, 0.0]","[127.0, 127.0, 127.0]","[191.0, 191.0, 191.0]"
goya,goya_0372,1.20968,0.0,0.0,"[255.0, 191.0, 191.0]","[63.0, 63.0, 63.0]","[0.0, 0.0, 0.0]","[63.0, 0.0, 0.0]","[127.0, 63.0, 63.0]"
goya,goya_0374,1.40187,3.12031,15.02804,"[127.0, 127.0, 127.0]","[191.0, 191.0, 191.0]","[63.0, 63.0, 63.0]","[255.0, 255.0, 255.0]","[0.0, 0.0, 0.0]"
goya,goya_0375,1.30435,7.51429,25.91884,"[191.0, 191.0, 191.0]","[63.0, 63.0, 63.0]","[127.0, 127.0, 127.0]","[255.0, 255.0, 255.0]","[0.0, 0.0, 0.0]"
goya,goya_0376,1.35135,39.63462,12.37838,"[63.0, 63.0, 63.0]","[191.0, 191.0, 191.0]","[127.0, 127.0, 127.0]","[255.0, 255.0, 255.0]","[255.0, 191.0, 191.0]"
goya,goya_0378,1.25,0.0,0.0,"[255.0, 191.0, 127.0]","[127.0, 63.0, 0.0]","[63.0, 0.0, 0.0]","[63.0, 63.0, 0.0]","[127.0, 63.0, 63.0]"
goya,goya_0379,1.28205,0.0,0.0,"[191.0, 191.0, 127.0]","[127.0, 63.0, 63.0]","[255.0, 191.0, 191.0]","[191.0, 191.0, 191.0]","[191.0, 127.0, 127.0]"
goya,goya_0384,1.37615,0.0,0.0,"[0.0, 0.0, 63.0]","[63.0, 63.0, 63.0]","[127.0, 63.0, 63.0]","[191.0, 127.0, 127.0]","[63.0, 127.0, 127.0]"
goya,goya_0385,0.81967,0.0,0.0,"[191.0, 127.0, 127.0]","[63.0, 63.0, 63.0]","[127.0, 127.0, 63.0]","[63.0, 63.0, 0.0]","[127.0, 63.0, 63.0]"
goya,goya_0388,1.2605,0.00081,0.01681,"[0.0, 0.0, 0.0]","[127.0, 127.0, 63.0]","[255.0, 191.0, 127.0]","[63.0, 63.0, 63.0]","[127.0, 63.0, 63.0]"
