sorolla,sorolla_0000,1.42857,0.0,0.0,"[191.0, 127.0, 63.0]","[127.0, 63.0, 63.0]","[63.0, 63.0, 0.0]","[63.0, 63.0, 63.0]","[191.0, 191.0, 127.0]"
sorolla,sorolla_0001,0.55351,0.0,0.0,"[191.0, 127.0, 127.0]","[63.0, 63.0, 0.0]","[191.0, 191.0, 127.0]","[127.0, 127.0, 127.0]","[127.0, 127.0, 63.0]"
sorolla,sorolla_0002,0.67265,0.45064,1.37818,"[191.0, 191.0, 127.0]","[63.0, 63.0, 63.0]","[127.0, 127.0, 127.0]","[191.0, 191.0, 191.0]","[127.0, 127.0, 63.0]"
sorolla,sorolla_0003,1.23967,0.02708,1.12948,"[0.0, 0.0, 0.0]","[63.0, 63.0, 63.0]","[191.0, 191.0, 191.0]","[191.0, 127.0, 63.0]","[127.0, 63.0, 63.0]"
sorolla,sorolla_0004,0.65502,1.23684,0.13683,"[127.0, 63.0, 63.0]","[191.0, 191.0, 191.0]","[63.0, 63.0, 63.0]","[127.0, 127.0, 127.0]","[127.0, 127.0, 63.0]"
sorolla,sorolla_0005,0.75377,0.21319,0.60637,"[191.0, 191.0, 127.0]","[63.0, 0.0, 0.0]","[191.0, 127.0, 63.0]","[127.0, 63.0, 63.0]","[255.0, 191.0, 191.0]"
sorolla,sorolla_0006,1.2931,0.0,0.0,"[191.0, 127.0, 63.0]","[0.0, 0.0, 0.0]","[127.0, 127.0, 63.0]","[127.0, 63.0, 63.0]","[191.0, 191.0, 127.0]"
sorolla,sorolla_0008,0.52817,7.08148,2.24413,"[63.0, 63.0, 63.0]","[191.0, 191.0, 191.0]","[127.0, 127.0, 63.0]","[255.0, 255.0, 255.0]","[191.0, 191.0, 127.0]"
sorolla,sorolla_0009,1.38889,0.0,0.0,"[191.0, 127.0, 127.0]","[127.0, 127.0, 63.0]","[127.0, 127.0, 127.0]","[63.0, 0.0, 0.0]","[127.0, 63.0, 63.0]"
sorolla,sorolla_0010,1.35135,0.0,0.0,"[255.0, 191.0, 191.0]","[127.0, 63.0, 63.0]","[191.0, 191.0, 127.0]","[63.0, 63.0, 63.0]","[191.0, 127.0, 127.0]"
sorolla,sorolla_0011,1.53061,0.0,0.0,"[255.0, 191.0, 63.0]","[63.0, 0.0, 0.0]","[127.0, 127.0, 63.0]","[0.0, 0.0, 0.0]","[191.0, 127.0, 63.0]"
sorolla,sorolla_0012,0.48077,0.00463,0.11538,"[63.0, 0.0, 0.0]","[191.0, 127.0, 63.0]","[127.0, 63.0, 63.0]","[0.0, 0.0, 0.0]","[191.0, 191.0, 127.0]"
sorolla,sorolla_0013,0.78534,0.0,0.0,"[63.0, 63.0, 63.0]","[191.0, 191.0, 127.0]","[191.0, 127.0, 63.0]","[127.0, 63.0, 63.0]","[63.0, 63.0, 0.0]"
sorolla,sorolla_0014,0.42254,42.33333,0.477,"[191.0, 191.0, 127.0]","[127.0, 127.0, 63.0]","[63.0, 63.0, 63.0]","[191.0, 127.0, 63.0]","[191.0, 191.0, 191.0]"
sorolla,sorolla_0015,1.64835,0.42898,3.2967,"[63.0, 63.0, 63.0]","[191.0, 191.0, 127.0]","[255.0, 255.0, 191.0]","[127.0, 127.0, 63.0]","[0.0, 0.0, 0.0]"
sorolla,sorolla_0016,0.68493,0.00076,0.00304,"[127.0, 127.0, 63.0]","[191.0, 191.0, 127.0]","[0.0, 0.0, 0.0]","[191.0, 127.0, 127.0]","[63.0, 63.0, 63.0]"
sorolla,sorolla_0018,0.8427,0.0,0.0,"[63.0, 63.0, 63.0]","[191.0, 191.0, 191.0]","[191.0, 127.0, 63.0]","[0.0, 0.0, 0.0]","[63.0, 0.0, 0.0]"
sorolla,sorolla_0019,0.64935,1.875,0.38961,"[63.0, 63.0, 63.0]","[191.0, 191.0, 127.0]","[127.0, 127.0, 63.0]","[255.0, 191.0, 191.0]","[127.0, 63.0, 63.0]"
sorolla,sorolla_0021,0.68182,0.00104,0.00303,"[63.0, 63.0, 63.0]","[127.0, 63.0, 63.0]","[255.0, 191.0, 191.0]","[127.0, 127.0, 63.0]","[63.0, 0.0, 0.0]"
sorolla,sorolla_0022,0.72115,0.06274,0.93269,"[0.0, 0.0, 0.0]","[127.0, 127.0, 63.0]","[255.0, 255.0, 191.0]","[63.0, 63.0, 63.0]","[191.0, 191.0, 191.0]"
sorolla,sorolla_0023,0.72464,0.02295,0.08374,"[63.0, 63.0, 0.0]","[191.0, 191.0, 191.0]","[127.0, 127.0, 63.0]","[63.0, 63.0, 63.0]","[127.0, 63.0, 63.0]"
sorolla,sorolla_0024,1.66667,0.0,0.0,"[127.0, 63.0, 63.0]","[0.0, 0.0, 0.0]","[127.0, 127.0, 63.0]","[191.0, 191.0, 127.0]","[63.0, 0.0, 0.0]"
sorolla,sorolla_0025,1.2605,0.0,0.0,"[63.0, 0.0, 0.0]","[255.0, 255.0, 191.0]","[127.0, 63.0, 0.0]","[191.0, 127.0, 63.0]","[127.0, 0.0, 0.0]"
sorolla,sorolla_0026,0.64103,0.0,0.0,"[191.0, 191.0, 127.0]","[127.0, 63.0, 63.0]","[63.0, 63.0, 63.0]","[127.0, 127.0, 127.0]","[0.0, 0.0, 0.0]"
sorolla,sorolla_0027,0.82418,0.0,0.0,"[127.0, 63.0, 63.0]","[191.0, 127.0, 63.0]","[63.0, 63.0, 63.0]","[191.0, 63.0, 63.0]","[191.0, 127.0, 127.0]"
sorolla,sorolla_0029,0.73529,0.97817,6.00327,"[255.0, 255.0, 255.0]","[63.0, 63.0, 63.0]","[127.0, 127.0, 127.0]","[0.0, 0.0, 0.0]","[191.0, 191.0, 191.0]"
sorolla,sorolla_0030,0.7109,26.58333,1.0079,"[127.0, 127.0, 63.0]","[191.0, 191.0, 191.0]","[63.0, 63.0, 63.0]","[127.0, 127.0, 191.0]","[127.0, 127.0, 127.0]"
sorolla,sorolla_0031,0.75377,0.00226,0.05025,"[127.0, 127.0, 63.0]","[0.0, 0.0, 0.0]","[63.0, 63.0, 63.0]","[191.0, 191.0, 127.0]","[63.0, 63.0, 0.0]"
sorolla,sorolla_0032,0.76923,0.20287,0.62906,"[63.0, 0.0, 0.0]","[191.0, 127.0, 63.0]","[127.0, 63.0, 63.0]","[255.0, 191.0, 191.0]","[63.0, 63.0, 63.0]"
sorolla,sorolla_0033,0.69124,0.03106,0.42089,"[63.0, 63.0, 63.0]","[191.0, 191.0, 127.0]","[0.0, 0.0, 0.0]","[127.0, 127.0, 127.0]","[191.0, 191.0, 191.0]"
sorolla,sorolla_0035,0.64655,4.88704,4.22701,"[191.0, 191.0, 127.0]","[63.0, 63.0, 63.0]","[191.0, 255.0, 255.0]","[127.0, 127.0, 127.0]","[191.0, 191.0, 191.0]"
sorolla,sorolla_0037,0.7109,0.11231,1.15324,"[191.0, 191.0, 191.0]","[63.0, 63.0, 63.0]","[127.0, 127.0, 127.0]","[0.0, 0.0, 0.0]","[191.0, 191.0, 127.0]"
sorolla,sorolla_0039,0.79787,0.00016,0.00355,"[63.0, 0.0, 0.0]","[191.0, 127.0, 127.0]","[63.0, 63.0, 63.0]","[0.0, 0.0, 0.0]","[191.0, 191.0, 191.0]"
sorolla,sorolla_0040,0.76142,0.06777,1.43486,"[0.0, 0.0, 0.0]","[127.0, 127.0, 127.0]","[191.0, 191.0, 191.0]","[63.0, 63.0, 63.0]","[191.0, 191.0, 127.0]"
sorolla,sorolla_0041,0.70755,16.21918,7.44654,"[255.0, 191.0, 191.0]","[191.0, 127.0, 127.0]","[191.0, 191.0, 191.0]","[255.0, 255.0, 255.0]","[63.0, 0.0, 0.0]"
sorolla,sorolla_0042,0.69767,3.54717,1.74884,"[63.0, 63.0, 63.0]","[191.0, 191.0, 191.0]","[127.0, 127.0, 63.0]","[127.0, 63.0, 63.0]","[0.0, 0.0, 63.0]"
sorolla,sorolla_0044,0.74257,0.36993,0.51155,"[127.0, 127.0, 63.0]","[191.0, 191.0, 191.0]","[63.0, 63.0, 63.0]","[191.0, 191.0, 127.0]","[127.0, 127.0, 127.0]"
sorolla,sorolla_0046,0.78125,4.59036,3.96875,"[255.0, 255.0, 255.0]","[63.0, 63.0, 63.0]","[127.0, 127.0, 63.0]","[191.0, 191.0, 191.0]","[127.0, 127.0, 127.0]"
sorolla,sorolla_0047,1.74419,0.52564,1.90698,"[127.0, 63.0, 63.0]","[191.0, 255.0, 255.0]","[127.0, 127.0, 127.0]","[63.0, 0.0, 0.0]","[191.0, 127.0, 63.0]"
sorolla,sorolla_0048,2.02703,2.94366,1.88288,"[191.0, 191.0, 127.0]","[191.0, 127.0, 63.0]","[255.0, 255.0, 191.0]","[63.0, 63.0, 0.0]","[255.0, 191.0, 63.0]"
sorolla,sorolla_0049,1.64835,0.04791,1.36264,"[191.0, 127.0, 127.0]","[63.0, 0.0, 0.0]","[63.0, 63.0, 63.0]","[191.0, 191.0, 191.0]","[0.0, 0.0, 0.0]"
sorolla,sorolla_0050,0.73529,0.00733,0.05229,"[0.0, 0.0, 0.0]","[191.0, 191.0, 191.0]","[127.0, 127.0, 63.0]","[63.0, 63.0, 63.0]","[127.0, 127.0, 127.0]"
sorolla,sorolla_0051,0.7177,0.01893,0.01914,"[127.0, 127.0, 63.0]","[191.0, 191.0, 191.0]","[63.0, 63.0, 63.0]","[127.0, 63.0, 63.0]","[0.0, 0.0, 63.0]"
sorolla,sorolla_0052,0.46584,0.0,0.0,"[191.0, 191.0, 191.0]","[191.0, 127.0, 63.0]","[63.0, 63.0, 63.0]","[255.0, 191.0, 191.0]","[191.0, 191.0, 127.0]"
sorolla,sorolla_0053,0.64378,0.06436,0.58083,"[127.0, 63.0, 63.0]","[0.0, 0.0, 0.0]","[191.0, 191.0, 191.0]","[63.0, 0.0, 0.0]","[191.0, 127.0, 127.0]"
sorolla,sorolla_0054,0.49834,118.5,0.52492,"[191.0, 191.0, 191.0]","[63.0, 63.0, 63.0]","[127.0, 191.0, 191.0]","[127.0, 127.0, 63.0]","[255.0, 255.0, 191.0]"
sorolla,sorolla_0055,1.12782,0.24504,5.14286,"[127.0, 127.0, 127.0]","[0.0, 0.0, 0.0]","[63.0, 63.0, 63.0]","[255.0, 255.0, 255.0]","[191.0, 191.0, 191.0]"
sorolla,sorolla_0056,0.66372,0.31352,0.79351,"[127.0, 191.0, 191.0]","[0.0, 63.0, 63.0]","[127.0, 127.0, 63.0]","[191.0, 191.0, 191.0]","[63.0, 63.0, 63.0]"
sorolla,sorolla_0057,0.50847,4.60289,2.88136,"[63.0, 63.0, 63.0]","[127.0, 127.0, 63.0]","[191.0, 127.0, 127.0]","[255.0, 255.0, 255.0]","[191.0, 191.0, 127.0]"
sorolla,sorolla_0060,0.64103,72.0,10.25641,"[255.0, 255.0, 191.0]","[127.0, 127.0, 63.0]","[191.0, 191.0, 191.0]","[63.0, 63.0, 0.0]","[191.0, 191.0, 127.0]"
sorolla,sorolla_0061,0.98039,0.01496,0.0305,"[191.0, 191.0, 127.0]","[63.0, 63.0, 63.0]","[127.0, 127.0, 127.0]","[127.0, 127.0, 63.0]","[0.0, 0.0, 0.0]"
sorolla,sorolla_0062,0.74257,0.0,0.0,"[63.0, 63.0, 0.0]","[191.0, 127.0, 63.0]","[63.0, 63.0, 63.0]","[191.0, 191.0, 127.0]","[127.0, 127.0, 63.0]"
sorolla,sorolla_0063,0.7109,0.05505,0.09479,"[191.0, 127.0, 127.0]","[127.0, 63.0, 63.0]","[191.0, 191.0, 191.0]","[63.0, 63.0, 0.0]","[191.0, 127.0, 63.0]"
sorolla,sorolla_0064,1.38889,1.41779,4.52469,"[191.0, 127.0, 127.0]","[63.0, 63.0, 0.0]","[191.0, 191.0, 191.0]","[127.0, 63.0, 0.0]","[127.0, 127.0, 127.0]"
sorolla,sorolla_0065,0.61728,0.0,0.0,"[0.0, 0.0, 0.0]","[127.0, 63.0, 63.0]","[63.0, 0.0, 0.0]","[191.0, 127.0, 127.0]","[63.0, 63.0, 63.0]"
sorolla,sorolla_0066,1.45631,38.90909,2.77023,"[63.0, 0.0, 0.0]","[255.0, 191.0, 191.0]","[191.0, 191.0, 127.0]","[127.0, 63.0, 63.0]","[255.0, 255.0, 191.0]"
sorolla,sorolla_0068,0.69767,0.01174,0.0186,"[127.0, 63.0, 63.0]","[63.0, 63.0, 63.0]","[255.0, 191.0, 127.0]","[0.0, 0.0, 63.0]","[127.0, 127.0, 63.0]"
sorolla,sorolla_0071,0.625,45.63636,2.78889,"[63.0, 63.0, 63.0]","[191.0, 191.0, 127.0]","[127.0, 127.0, 63.0]","[255.0, 255.0, 255.0]","[127.0, 63.0, 63.0]"
sorolla,sorolla_0073,0.79787,0.2229,0.38652,"[191.0, 191.0, 127.0]","[191.0, 127.0, 0.0]","[127.0, 127.0, 127.0]","[127.0, 63.0, 0.0]","[191.0, 191.0, 191.0]"
sorolla,sorolla_0074,0.72464,0.72895,3.68116,"[127.0, 127.0, 127.0]","[191.0, 255.0, 255.0]","[63.0, 63.0, 63.0]","[191.0, 191.0, 191.0]","[0.0, 0.0, 0.0]"
sorolla,sorolla_0075,0.7109,0.14693,0.96051,"[191.0, 127.0, 127.0]","[127.0, 63.0, 63.0]","[0.0, 0.0, 0.0]","[191.0, 191.0, 191.0]","[63.0, 63.0, 0.0]"
sorolla,sorolla_0076,0.68807,1.17582,0.32722,"[63.0, 63.0, 127.0]","[127.0, 127.0, 127.0]","[63.0, 63.0, 63.0]","[191.0, 191.0, 191.0]","[127.0, 63.0, 127.0]"
sorolla,sorolla_0077,1.27119,0.00064,0.00565,"[63.0, 63.0, 63.0]","[127.0, 127.0, 127.0]","[0.0, 0.0, 0.0]","[127.0, 63.0, 63.0]","[191.0, 191.0, 127.0]"
sorolla,sorolla_0078,0.64103,0.07263,0.40741,"[127.0, 127.0, 63.0]","[191.0, 191.0, 191.0]","[63.0, 63.0, 63.0]","[127.0, 127.0, 127.0]","[0.0, 0.0, 0.0]"
sorolla,sorolla_0079,1.19048,0.7427,3.49735,"[63.0, 63.0, 63.0]","[191.0, 127.0, 127.0]","[127.0, 63.0, 63.0]","[255.0, 255.0, 191.0]","[0.0, 0.0, 0.0]"
sorolla,sorolla_0080,1.57895,0.0,0.0,"[63.0, 63.0, 63.0]","[191.0, 127.0, 127.0]","[0.0, 0.0, 63.0]","[63.0, 63.0, 0.0]","[127.0, 63.0, 63.0]"
sorolla,sorolla_0081,1.33929,0.0,0.0,"[63.0, 0.0, 0.0]","[191.0, 127.0, 63.0]","[63.0, 63.0, 0.0]","[0.0, 0.0, 0.0]","[255.0, 191.0, 127.0]"
sorolla,sorolla_0082,0.63559,0.01655,0.20056,"[63.0, 63.0, 63.0]","[127.0, 127.0, 127.0]","[191.0, 191.0, 127.0]","[0.0, 0.0, 0.0]","[63.0, 127.0, 127.0]"
sorolla,sorolla_0083,1.16279,0.0,0.0,"[63.0, 63.0, 63.0]","[0.0, 0.0, 0.0]","[127.0, 127.0, 63.0]","[63.0, 63.0, 0.0]","[63.0, 0.0, 0.0]"
sorolla,sorolla_0084,0.7177,0.0,0.0,"[191.0, 127.0, 127.0]","[0.0, 63.0, 127.0]","[127.0, 127.0, 127.0]","[191.0, 191.0, 127.0]","[191.0, 127.0, 63.0]"
sorolla,sorolla_0086,0.74257,1.13235,1.27063,"[63.0, 0.0, 0.0]","[127.0, 127.0, 127.0]","[191.0, 191.0, 191.0]","[127.0, 127.0, 63.0]","[63.0, 63.0, 63.0]"
sorolla,sorolla_0088,0.67568,2.0404,0.60661,"[191.0, 191.0, 127.0]","[127.0, 63.0, 63.0]","[191.0, 191.0, 191.0]","[63.0, 63.0, 63.0]","[127.0, 127.0, 127.0]"
sorolla,sorolla_0090,0.65789,0.06645,0.61111,"[63.0, 127.0, 127.0]","[191.0, 191.0, 191.0]","[0.0, 0.0, 0.0]","[127.0, 127.0, 127.0]","[63.0, 63.0, 63.0]"
sorolla,sorolla_0092,0.69767,0.31124,0.33488,"[127.0, 127.0, 63.0]","[0.0, 63.0, 63.0]","[191.0, 191.0, 127.0]","[63.0, 63.0, 0.0]","[63.0, 63.0, 63.0]"
sorolla,sorolla_0093,0.78534,414.27273,15.90576,"[127.0, 191.0, 191.0]","[127.0, 63.0, 63.0]","[191.0, 191.0, 191.0]","[255.0, 255.0, 255.0]","[191.0, 127.0, 127.0]"
sorolla,sorolla_0094,0.67265,0.0,0.0,"[0.0, 0.0, 0.0]","[63.0, 63.0, 63.0]","[127.0, 127.0, 63.0]","[63.0, 63.0, 0.0]","[63.0, 127.0, 63.0]"
sorolla,sorolla_0095,0.66667,0.37698,1.05778,"[0.0, 63.0, 63.0]","[255.0, 255.0, 191.0]","[191.0, 191.0, 191.0]","[63.0, 63.0, 63.0]","[127.0, 127.0, 63.0]"
sorolla,sorolla_0096,0.74257,0.32317,0.87459,"[63.0, 63.0, 63.0]","[127.0, 63.0, 63.0]","[0.0, 0.0, 63.0]","[255.0, 191.0, 191.0]","[191.0, 127.0, 127.0]"
sorolla,sorolla_0099,0.70423,1.69204,3.06103,"[191.0, 191.0, 191.0]","[127.0, 63.0, 63.0]","[127.0, 127.0, 127.0]","[0.0, 0.0, 0.0]","[191.0, 191.0, 255.0]"
sorolla,sorolla_0100,0.74627,0.33784,1.49254,"[63.0, 63.0, 63.0]","[191.0, 191.0, 127.0]","[127.0, 127.0, 63.0]","[0.0, 0.0, 0.0]","[191.0, 191.0, 191.0]"
sorolla,sorolla_0101,0.69124,0.0,0.0,"[191.0, 191.0, 191.0]","[63.0, 63.0, 0.0]","[63.0, 63.0, 63.0]","[191.0, 127.0, 127.0]","[0.0, 0.0, 0.0]"
sorolla,sorolla_0102,0.70423,0.04928,0.05321,"[191.0, 127.0, 63.0]","[63.0, 63.0, 63.0]","[255.0, 191.0, 191.0]","[127.0, 63.0, 0.0]","[63.0, 0.0, 0.0]"
sorolla,sorolla_0103,0.71429,17.375,0.44127,"[63.0, 127.0, 127.0]","[127.0, 127.0, 191.0]","[63.0, 63.0, 63.0]","[127.0, 127.0, 127.0]","[191.0, 191.0, 191.0]"
sorolla,sorolla_0107,0.73892,6.65236,5.09031,"[63.0, 63.0, 63.0]","[255.0, 255.0, 255.0]","[191.0, 127.0, 63.0]","[127.0, 127.0, 63.0]","[191.0, 191.0, 191.0]"
sorolla,sorolla_0109,0.75,0.01956,0.08333,"[127.0, 127.0, 63.0]","[127.0, 127.0, 127.0]","[63.0, 0.0, 0.0]","[191.0, 191.0, 191.0]","[63.0, 63.0, 63.0]"
sorolla,sorolla_0111,0.59289,0.36842,0.01845,"[191.0, 127.0, 63.0]","[63.0, 63.0, 63.0]","[191.0, 191.0, 191.0]","[127.0, 127.0, 127.0]","[127.0, 63.0, 63.0]"
sorolla,sorolla_0112,1.59574,97.0,0.68794,"[63.0, 63.0, 63.0]","[191.0, 127.0, 127.0]","[127.0, 63.0, 63.0]","[127.0, 127.0, 127.0]","[255.0, 191.0, 191.0]"
sorolla,sorolla_0113,0.72115,6.73958,2.07372,"[127.0, 191.0, 191.0]","[127.0, 127.0, 127.0]","[63.0, 63.0, 63.0]","[191.0, 191.0, 191.0]","[127.0, 127.0, 191.0]"
sorolla,sorolla_0114,0.66079,0.0,0.0,"[127.0, 127.0, 63.0]","[63.0, 63.0, 0.0]","[191.0, 127.0, 127.0]","[0.0, 0.0, 0.0]","[191.0, 127.0, 63.0]"
sorolla,sorolla_0115,0.83799,0.90601,4.37989,"[191.0, 191.0, 191.0]","[63.0, 0.0, 0.0]","[255.0, 255.0, 191.0]","[191.0, 127.0, 63.0]","[63.0, 63.0, 63.0]"
sorolla,sorolla_0116,1.70455,0.0,0.0,"[255.0, 191.0, 127.0]","[63.0, 63.0, 63.0]","[191.0, 127.0, 63.0]","[191.0, 191.0, 191.0]","[63.0, 63.0, 0.0]"
sorolla,sorolla_0117,0.70755,0.07167,0.06604,"[127.0, 127.0, 191.0]","[127.0, 63.0, 63.0]","[63.0, 63.0, 127.0]","[63.0, 63.0, 63.0]","[191.0, 127.0, 63.0]"
sorolla,sorolla_0118,0.69124,0.00243,0.0553,"[0.0, 0.0, 0.0]","[63.0, 63.0, 63.0]","[191.0, 191.0, 127.0]","[127.0, 127.0, 63.0]","[0.0, 0.0, 63.0]"
sorolla,sorolla_0119,0.45045,0.0,0.0,"[127.0, 127.0, 127.0]","[0.0, 0.0, 0.0]","[127.0, 63.0, 63.0]","[191.0, 127.0, 63.0]","[191.0, 191.0, 191.0]"
sorolla,sorolla_0124,0.74257,0.0,0.0,"[63.0, 63.0, 127.0]","[191.0, 191.0, 127.0]","[127.0, 127.0, 127.0]","[127.0, 127.0, 63.0]","[63.0, 63.0, 63.0]"
sorolla,sorolla_0128,0.70093,2.87597,1.15576,"[63.0, 63.0, 63.0]","[191.0, 127.0, 127.0]","[191.0, 191.0, 127.0]","[127.0, 127.0, 63.0]","[191.0, 127.0, 63.0]"
sorolla,sorolla_0130,1.28205,10.93284,8.34758,"[127.0, 63.0, 63.0]","[191.0, 191.0, 191.0]","[127.0, 127.0, 127.0]","[63.0, 63.0, 63.0]","[255.0, 255.0, 255.0]"
sorolla,sorolla_0131,0.70423,0.0,0.0,"[63.0, 0.0, 0.0]","[63.0, 63.0, 63.0]","[0.0, 0.0, 0.0]","[127.0, 63.0, 63.0]","[63.0, 63.0, 0.0]"
sorolla,sorolla_0132,0.70423,0.0,0.0,"[63.0, 63.0, 0.0]","[191.0, 127.0, 63.0]","[191.0, 191.0, 191.0]","[127.0, 127.0, 63.0]","[191.0, 191.0, 127.0]"
sorolla,sorolla_0133,1.25,0.0,0.0,"[255.0, 191.0, 191.0]","[63.0, 0.0, 0.0]","[191.0, 127.0, 63.0]","[191.0, 191.0, 127.0]","[127.0, 63.0, 63.0]"
sorolla,sorolla_0134,0.73529,0.00176,0.00654,"[191.0, 127.0, 63.0]","[127.0, 63.0, 63.0]","[63.0, 63.0, 63.0]","[191.0, 191.0, 191.0]","[191.0, 127.0, 127.0]"
sorolla,sorolla_0136,1.5625,0.0,0.0,"[63.0, 0.0, 0.0]","[127.0, 127.0, 63.0]","[63.0, 63.0, 63.0]","[191.0, 191.0, 127.0]","[0.0, 0.0, 0.0]"
sorolla,sorolla_0137,0.35885,0.13804,0.21531,"[191.0, 191.0, 191.0]","[63.0, 63.0, 0.0]","[127.0, 127.0, 127.0]","[127.0, 127.0, 63.0]","[127.0, 63.0, 0.0]"
sorolla,sorolla_0138,0.66667,4.19608,1.26815,"[127.0, 127.0, 191.0]","[63.0, 63.0, 0.0]","[191.0, 191.0, 191.0]","[63.0, 127.0, 127.0]","[127.0, 127.0, 127.0]"
sorolla,sorolla_0140,0.59524,0.0,0.0,"[191.0, 191.0, 191.0]","[127.0, 127.0, 127.0]","[191.0, 127.0, 63.0]","[191.0, 191.0, 127.0]","[63.0, 63.0, 63.0]"
sorolla,sorolla_0141,0.68182,2.35211,2.02424,"[191.0, 191.0, 191.0]","[63.0, 63.0, 63.0]","[127.0, 127.0, 191.0]","[127.0, 127.0, 127.0]","[255.0, 191.0, 191.0]"
sorolla,sorolla_0142,0.66079,32.8,0.48164,"[127.0, 127.0, 191.0]","[127.0, 127.0, 63.0]","[191.0, 191.0, 191.0]","[63.0, 63.0, 127.0]","[63.0, 63.0, 63.0]"
sorolla,sorolla_0143,0.68182,2.48101,1.18788,"[255.0, 255.0, 191.0]","[127.0, 127.0, 127.0]","[191.0, 127.0, 63.0]","[191.0, 191.0, 191.0]","[127.0, 127.0, 63.0]"
sorolla,sorolla_0144,0.7732,0.45489,0.83162,"[127.0, 127.0, 127.0]","[191.0, 191.0, 191.0]","[63.0, 63.0, 63.0]","[191.0, 191.0, 127.0]","[127.0, 63.0, 63.0]"
sorolla,sorolla_0145,0.75,0.0,0.0,"[127.0, 127.0, 63.0]","[0.0, 63.0, 63.0]","[0.0, 0.0, 0.0]","[0.0, 63.0, 0.0]","[63.0, 63.0, 63.0]"
sorolla,sorolla_0146,0.67873,0.0,0.0,"[191.0, 127.0, 63.0]","[63.0, 63.0, 63.0]","[127.0, 127.0, 63.0]","[191.0, 127.0, 127.0]","[0.0, 0.0, 0.0]"
sorolla,sorolla_0147,0.65502,0.5814,0.07278,"[0.0, 63.0, 63.0]","[191.0, 191.0, 127.0]","[63.0, 63.0, 63.0]","[127.0, 127.0, 63.0]","[127.0, 127.0, 127.0]"
sorolla,sorolla_0148,0.66372,0.33039,1.21534,"[127.0, 63.0, 63.0]","[191.0, 191.0, 191.0]","[0.0, 0.0, 0.0]","[63.0, 63.0, 63.0]","[127.0, 127.0, 63.0]"
sorolla,sorolla_0151,1.07914,0.0,0.0,"[63.0, 63.0, 0.0]","[191.0, 191.0, 127.0]","[127.0, 63.0, 63.0]","[63.0, 0.0, 0.0]","[127.0, 127.0, 63.0]"
sorolla,sorolla_0152,1.37615,0.0,0.0,"[63.0, 63.0, 127.0]","[191.0, 191.0, 127.0]","[127.0, 191.0, 191.0]","[127.0, 63.0, 63.0]","[127.0, 127.0, 127.0]"
sorolla,sorolla_0153,0.66667,0.11563,0.16,"[255.0, 191.0, 127.0]","[63.0, 63.0, 0.0]","[191.0, 191.0, 191.0]","[191.0, 127.0, 63.0]","[127.0, 63.0, 63.0]"
sorolla,sorolla_0154,0.67265,0.04348,0.00299,"[191.0, 127.0, 127.0]","[191.0, 127.0, 63.0]","[191.0, 191.0, 191.0]","[127.0, 63.0, 63.0]","[191.0, 191.0, 127.0]"
sorolla,sorolla_0155,1.97368,0.0,0.0,"[191.0, 127.0, 63.0]","[255.0, 255.0, 191.0]","[127.0, 127.0, 63.0]","[191.0, 191.0, 127.0]","[63.0, 63.0, 0.0]"
sorolla,sorolla_0156,2.0,0.0,0.0,"[63.0, 63.0, 63.0]","[191.0, 191.0, 63.0]","[127.0, 127.0, 63.0]","[191.0, 191.0, 127.0]","[191.0, 127.0, 63.0]"
sorolla,sorolla_0157,0.78125,0.43038,0.35417,"[127.0, 127.0, 127.0]","[63.0, 63.0, 63.0]","[127.0, 127.0, 63.0]","[191.0, 191.0, 191.0]","[127.0, 63.0, 63.0]"
sorolla,sorolla_0158,2.0,0.0,0.0,"[191.0, 127.0, 127.0]","[63.0, 63.0, 0.0]","[191.0, 191.0, 127.0]","[63.0, 0.0, 0.0]","[63.0, 63.0, 63.0]"
sorolla,sorolla_0159,0.76923,1.08922,1.00171,"[0.0, 63.0, 63.0]","[191.0, 127.0, 63.0]","[63.0, 63.0, 63.0]","[127.0, 127.0, 63.0]","[191.0, 191.0, 191.0]"
sorolla,sorolla_0160,0.7177,0.0,0.0,"[255.0, 191.0, 191.0]","[63.0, 63.0, 63.0]","[127.0, 127.0, 63.0]","[191.0, 191.0, 127.0]","[0.0, 63.0, 63.0]"
sorolla,sorolla_0162,0.79787,0.00452,0.00355,"[191.0, 191.0, 127.0]","[127.0, 63.0, 63.0]","[127.0, 127.0, 127.0]","[127.0, 127.0, 63.0]","[63.0, 63.0, 63.0]"
sorolla,sorolla_0163,0.75377,0.00592,0.0067,"[255.0, 191.0, 127.0]","[127.0, 127.0, 63.0]","[127.0, 127.0, 127.0]","[63.0, 63.0, 63.0]","[191.0, 191.0, 191.0]"
sorolla,sorolla_0164,0.68807,0.65823,0.47706,"[191.0, 127.0, 127.0]","[63.0, 63.0, 63.0]","[191.0, 191.0, 191.0]","[127.0, 127.0, 127.0]","[127.0, 63.0, 63.0]"
sorolla,sorolla_0165,0.6383,21.275,2.41418,"[127.0, 127.0, 63.0]","[191.0, 191.0, 191.0]","[63.0, 63.0, 63.0]","[255.0, 255.0, 255.0]","[191.0, 191.0, 127.0]"
sorolla,sorolla_0166,0.81522,0.00383,0.01087,"[191.0, 127.0, 63.0]","[127.0, 63.0, 63.0]","[63.0, 0.0, 0.0]","[255.0, 191.0, 127.0]","[191.0, 127.0, 127.0]"
sorolla,sorolla_0168,0.67873,0.20139,0.78733,"[63.0, 63.0, 127.0]","[255.0, 255.0, 191.0]","[0.0, 0.0, 63.0]","[63.0, 63.0, 0.0]","[191.0, 191.0, 127.0]"
sorolla,sorolla_0169,0.52817,0.79208,1.12676,"[0.0, 0.0, 63.0]","[191.0, 191.0, 127.0]","[191.0, 191.0, 191.0]","[63.0, 63.0, 63.0]","[127.0, 127.0, 127.0]"
sorolla,sorolla_0170,1.40187,0.17143,1.19626,"[127.0, 127.0, 127.0]","[0.0, 0.0, 0.0]","[191.0, 191.0, 191.0]","[127.0, 63.0, 63.0]","[63.0, 63.0, 63.0]"
sorolla,sorolla_0172,1.66667,0.0,0.0,"[63.0, 0.0, 0.0]","[191.0, 127.0, 127.0]","[255.0, 191.0, 191.0]","[191.0, 127.0, 63.0]","[127.0, 63.0, 63.0]"
sorolla,sorolla_0173,1.45631,4.91667,0.38188,"[255.0, 191.0, 127.0]","[191.0, 191.0, 63.0]","[127.0, 63.0, 63.0]","[255.0, 255.0, 191.0]","[191.0, 191.0, 127.0]"
sorolla,sorolla_0174,0.68182,0.0,0.0,"[127.0, 63.0, 63.0]","[191.0, 191.0, 127.0]","[191.0, 127.0, 63.0]","[127.0, 63.0, 0.0]","[63.0, 63.0, 0.0]"
sorolla,sorolla_0175,0.69444,0.0,0.0,"[63.0, 63.0, 63.0]","[127.0, 127.0, 127.0]","[191.0, 191.0, 191.0]","[191.0, 127.0, 127.0]","[0.0, 0.0, 63.0]"
sorolla,sorolla_0176,0.79365,0.0,0.0,"[63.0, 0.0, 0.0]","[191.0, 191.0, 127.0]","[127.0, 63.0, 63.0]","[191.0, 127.0, 63.0]","[255.0, 191.0, 191.0]"
sorolla,sorolla_0177,0.7732,0.43173,0.80412,"[127.0, 127.0, 127.0]","[63.0, 0.0, 0.0]","[63.0, 63.0, 63.0]","[191.0, 191.0, 191.0]","[127.0, 63.0, 63.0]"
sorolla,sorolla_0178,0.66372,0.0,0.0,"[127.0, 127.0, 63.0]","[191.0, 191.0, 127.0]","[63.0, 63.0, 63.0]","[127.0, 127.0, 127.0]","[191.0, 191.0, 191.0]"
sorolla,sorolla_0179,1.875,0.0,0.0,"[127.0, 63.0, 63.0]","[63.0, 63.0, 0.0]","[255.0, 191.0, 127.0]","[0.0, 0.0, 0.0]","[191.0, 127.0, 63.0]"
sorolla,sorolla_0180,1.63043,0.0,0.0,"[191.0, 127.0, 127.0]","[127.0, 63.0, 63.0]","[191.0, 191.0, 191.0]","[127.0, 127.0, 127.0]","[63.0, 63.0, 63.0]"
sorolla,sorolla_0181,0.76923,7.125,0.38974,"[191.0, 127.0, 127.0]","[63.0, 63.0, 63.0]","[127.0, 127.0, 63.0]","[127.0, 127.0, 127.0]","[255.0, 191.0, 191.0]"
sorolla,sorolla_0182,1.36364,62.94444,6.86667,"[63.0, 63.0, 63.0]","[191.0, 191.0, 127.0]","[191.0, 127.0, 63.0]","[127.0, 127.0, 63.0]","[255.0, 255.0, 255.0]"
sorolla,sorolla_0183,0.80645,0.0,0.0,"[127.0, 63.0, 63.0]","[191.0, 127.0, 127.0]","[191.0, 127.0, 63.0]","[127.0, 127.0, 63.0]","[127.0, 127.0, 127.0]"
sorolla,sorolla_0187,0.75758,3.43478,0.26599,"[127.0, 63.0, 63.0]","[63.0, 63.0, 63.0]","[127.0, 127.0, 127.0]","[191.0, 191.0, 191.0]","[127.0, 127.0, 63.0]"
sorolla,sorolla_0188,0.76531,0.74325,3.27891,"[127.0, 63.0, 63.0]","[255.0, 255.0, 191.0]","[127.0, 127.0, 191.0]","[63.0, 0.0, 63.0]","[191.0, 191.0, 191.0]"
sorolla,sorolla_0190,1.40187,0.34081,0.47352,"[255.0, 191.0, 127.0]","[127.0, 127.0, 63.0]","[127.0, 127.0, 127.0]","[63.0, 63.0, 63.0]","[191.0, 127.0, 63.0]"
sorolla,sorolla_0191,1.37615,1.88889,0.20795,"[127.0, 127.0, 127.0]","[63.0, 63.0, 63.0]","[191.0, 191.0, 191.0]","[127.0, 127.0, 63.0]","[127.0, 63.0, 63.0]"
sorolla,sorolla_0193,0.72464,25.8,0.41546,"[63.0, 63.0, 63.0]","[191.0, 191.0, 127.0]","[127.0, 127.0, 63.0]","[127.0, 127.0, 127.0]","[191.0, 191.0, 191.0]"
sorolla,sorolla_0195,0.59761,0.0,0.0,"[0.0, 0.0, 0.0]","[127.0, 127.0, 63.0]","[63.0, 63.0, 0.0]","[191.0, 191.0, 127.0]","[63.0, 63.0, 63.0]"
sorolla,sorolla_0196,0.76923,0.0,0.0,"[127.0, 127.0, 63.0]","[63.0, 63.0, 0.0]","[191.0, 127.0, 127.0]","[0.0, 0.0, 0.0]","[63.0, 63.0, 63.0]"
sorolla,sorolla_0199,0.82418,53.25,0.78022,"[127.0, 127.0, 63.0]","[127.0, 127.0, 191.0]","[191.0, 191.0, 191.0]","[127.0, 127.0, 127.0]","[63.0, 63.0, 63.0]"
sorolla,sorolla_0200,1.00671,12.37037,1.49441,"[127.0, 63.0, 63.0]","[191.0, 191.0, 191.0]","[127.0, 127.0, 127.0]","[63.0, 63.0, 63.0]","[255.0, 255.0, 191.0]"
sorolla,sorolla_0202,1.5625,0.0,0.0,"[255.0, 191.0, 127.0]","[191.0, 191.0, 127.0]","[191.0, 191.0, 191.0]","[127.0, 127.0, 63.0]","[63.0, 127.0, 127.0]"
sorolla,sorolla_0203,1.53061,0.0,0.0,"[63.0, 0.0, 0.0]","[127.0, 63.0, 63.0]","[191.0, 127.0, 63.0]","[63.0, 63.0, 63.0]","[0.0, 0.0, 0.0]"
sorolla,sorolla_0204,1.59574,0.00755,0.03546,"[0.0, 0.0, 0.0]","[127.0, 127.0, 127.0]","[191.0, 191.0, 127.0]","[127.0, 127.0, 63.0]","[63.0, 63.0, 63.0]"
sorolla,sorolla_0205,0.57692,334.5,1.71538,"[191.0, 191.0, 127.0]","[127.0, 127.0, 127.0]","[63.0, 63.0, 63.0]","[127.0, 127.0, 63.0]","[191.0, 191.0, 191.0]"
sorolla,sorolla_0207,1.27119,101.0,0.57062,"[127.0, 127.0, 63.0]","[63.0, 63.0, 63.0]","[127.0, 127.0, 127.0]","[191.0, 191.0, 127.0]","[191.0, 127.0, 127.0]"
sorolla,sorolla_0210,0.75,80.68421,5.11,"[191.0, 127.0, 63.0]","[63.0, 127.0, 191.0]","[255.0, 255.0, 255.0]","[127.0, 127.0, 63.0]","[191.0, 191.0, 191.0]"
sorolla,sorolla_0211,0.66079,1.5662,2.64023,"[127.0, 127.0, 127.0]","[63.0, 63.0, 63.0]","[127.0, 127.0, 63.0]","[255.0, 255.0, 255.0]","[191.0, 191.0, 191.0]"
sorolla,sorolla_0212,1.01351,0.0,0.0,"[127.0, 63.0, 63.0]","[191.0, 127.0, 63.0]","[191.0, 191.0, 127.0]","[0.0, 0.0, 0.0]","[63.0, 63.0, 63.0]"
sorolla,sorolla_0213,1.04167,99.15385,11.93519,"[63.0, 63.0, 63.0]","[255.0, 255.0, 255.0]","[127.0, 127.0, 127.0]","[127.0, 63.0, 63.0]","[191.0, 191.0, 191.0]"
sorolla,sorolla_0214,1.41509,0.06883,0.33333,"[63.0, 63.0, 63.0]","[191.0, 191.0, 191.0]","[127.0, 63.0, 63.0]","[63.0, 0.0, 0.0]","[63.0, 63.0, 0.0]"
sorolla,sorolla_0218,0.6383,0.0,0.0,"[127.0, 63.0, 63.0]","[191.0, 127.0, 127.0]","[127.0, 127.0, 127.0]","[127.0, 127.0, 63.0]","[63.0, 63.0, 63.0]"
sorolla,sorolla_0221,0.54152,0.0,0.0,"[127.0, 127.0, 63.0]","[63.0, 63.0, 0.0]","[0.0, 0.0, 0.0]","[255.0, 191.0, 127.0]","[63.0, 63.0, 63.0]"
sorolla,sorolla_0222,0.9375,0.0,0.0,"[191.0, 191.0, 63.0]","[127.0, 63.0, 0.0]","[255.0, 191.0, 127.0]","[63.0, 0.0, 0.0]","[127.0, 127.0, 63.0]"
sorolla,sorolla_0224,0.85714,0.12766,0.84571,"[191.0, 191.0, 127.0]","[127.0, 63.0, 63.0]","[191.0, 127.0, 63.0]","[255.0, 255.0, 191.0]","[0.0, 0.0, 0.0]"
sorolla,sorolla_0225,0.88757,3.07407,1.9645,"[63.0, 63.0, 63.0]","[191.0, 191.0, 191.0]","[127.0, 127.0, 127.0]","[191.0, 191.0, 127.0]","[127.0, 127.0, 255.0]"
sorolla,sorolla_0228,0.78947,0.03011,0.09825,"[63.0, 0.0, 0.0]","[191.0, 191.0, 191.0]","[191.0, 127.0, 63.0]","[127.0, 63.0, 63.0]","[191.0, 127.0, 127.0]"
sorolla,sorolla_0229,0.7772,0.02091,0.038,"[0.0, 63.0, 63.0]","[63.0, 63.0, 63.0]","[127.0, 127.0, 63.0]","[191.0, 191.0, 127.0]","[127.0, 127.0, 127.0]"
sorolla,sorolla_0230,1.5,0.33193,1.05333,"[127.0, 127.0, 63.0]","[191.0, 191.0, 191.0]","[63.0, 63.0, 63.0]","[191.0, 127.0, 127.0]","[127.0, 127.0, 127.0]"
sorolla,sorolla_0231,0.7177,0.02733,0.24561,"[191.0, 127.0, 127.0]","[63.0, 63.0, 63.0]","[127.0, 127.0, 127.0]","[191.0, 191.0, 191.0]","[0.0, 0.0, 0.0]"
sorolla,sorolla_0233,0.78534,1.76758,2.01745,"[191.0, 191.0, 127.0]","[63.0, 63.0, 63.0]","[127.0, 127.0, 127.0]","[191.0, 191.0, 191.0]","[127.0, 127.0, 63.0]"
sorolla,sorolla_0234,0.86705,3.74286,1.51445,"[191.0, 191.0, 191.0]","[127.0, 63.0, 0.0]","[255.0, 191.0, 127.0]","[191.0, 127.0, 63.0]","[191.0, 191.0, 255.0]"
sorolla,sorolla_0237,0.75,0.0,0.0,"[63.0, 0.0, 0.0]","[191.0, 191.0, 127.0]","[63.0, 63.0, 63.0]","[127.0, 63.0, 63.0]","[127.0, 127.0, 63.0]"
sorolla,sorolla_0239,0.76923,0.89421,1.21368,"[127.0, 127.0, 63.0]","[191.0, 191.0, 191.0]","[127.0, 127.0, 127.0]","[63.0, 63.0, 63.0]","[127.0, 63.0, 63.0]"
sorolla,sorolla_0241,0.75,0.01315,0.08333,"[255.0, 191.0, 127.0]","[127.0, 63.0, 63.0]","[127.0, 127.0, 127.0]","[63.0, 0.0, 0.0]","[191.0, 127.0, 63.0]"
sorolla,sorolla_0242,0.65502,0.0,0.0,"[63.0, 63.0, 63.0]","[127.0, 127.0, 63.0]","[191.0, 191.0, 191.0]","[127.0, 127.0, 127.0]","[63.0, 63.0, 0.0]"
sorolla,sorolla_0244,0.71429,8.22917,1.25397,"[127.0, 127.0, 127.0]","[127.0, 127.0, 63.0]","[127.0, 63.0, 63.0]","[191.0, 191.0, 191.0]","[191.0, 127.0, 63.0]"
sorolla,sorolla_0245,1.16279,0.01915,0.16021,"[127.0, 127.0, 63.0]","[63.0, 63.0, 63.0]","[191.0, 191.0, 191.0]","[0.0, 0.0, 0.0]","[127.0, 127.0, 127.0]"
sorolla,sorolla_0246,0.99338,1.45779,3.96468,"[127.0, 127.0, 63.0]","[191.0, 191.0, 127.0]","[63.0, 63.0, 63.0]","[191.0, 191.0, 191.0]","[255.0, 255.0, 255.0]"
sorolla,sorolla_0248,1.0274,5.84444,3.60274,"[63.0, 63.0, 0.0]","[255.0, 191.0, 127.0]","[191.0, 127.0, 127.0]","[255.0, 255.0, 191.0]","[191.0, 127.0, 63.0]"
sorolla,sorolla_0249,0.81967,0.0,0.0,"[191.0, 191.0, 127.0]","[63.0, 63.0, 63.0]","[127.0, 127.0, 63.0]","[0.0, 0.0, 0.0]","[191.0, 127.0, 63.0]"
sorolla,sorolla_0251,0.45455,2.21636,6.78788,"[63.0, 63.0, 63.0]","[191.0, 191.0, 191.0]","[63.0, 0.0, 0.0]","[127.0, 127.0, 63.0]","[255.0, 255.0, 255.0]"
sorolla,sorolla_0252,1.17188,0.1521,0.24479,"[191.0, 191.0, 191.0]","[63.0, 63.0, 63.0]","[127.0, 127.0, 127.0]","[127.0, 127.0, 63.0]","[0.0, 63.0, 63.0]"
sorolla,sorolla_0253,0.75,0.79295,0.6,"[127.0, 127.0, 127.0]","[255.0, 191.0, 191.0]","[127.0, 63.0, 63.0]","[191.0, 127.0, 63.0]","[63.0, 63.0, 0.0]"
sorolla,sorolla_0254,1.47059,1.34848,0.5817,"[63.0, 63.0, 63.0]","[191.0, 191.0, 191.0]","[127.0, 127.0, 127.0]","[191.0, 127.0, 127.0]","[127.0, 127.0, 63.0]"
sorolla,sorolla_0255,1.48515,0.00913,0.0264,"[191.0, 191.0, 191.0]","[63.0, 63.0, 63.0]","[127.0, 127.0, 127.0]","[127.0, 127.0, 63.0]","[0.0, 0.0, 63.0]"
sorolla,sorolla_0261,1.1811,0.08108,0.11024,"[127.0, 63.0, 63.0]","[191.0, 191.0, 191.0]","[63.0, 63.0, 63.0]","[127.0, 127.0, 63.0]","[63.0, 0.0, 0.0]"
sorolla,sorolla_0263,1.1811,1.31609,1.2021,"[191.0, 127.0, 127.0]","[63.0, 63.0, 63.0]","[127.0, 127.0, 63.0]","[127.0, 63.0, 63.0]","[191.0, 191.0, 191.0]"
sorolla,sorolla_0264,0.74257,0.58864,1.12871,"[63.0, 63.0, 63.0]","[191.0, 127.0, 63.0]","[191.0, 191.0, 191.0]","[127.0, 63.0, 63.0]","[63.0, 0.0, 0.0]"
sorolla,sorolla_0265,0.70755,2.63077,0.53774,"[63.0, 127.0, 63.0]","[191.0, 191.0, 191.0]","[63.0, 127.0, 127.0]","[127.0, 127.0, 127.0]","[63.0, 63.0, 63.0]"
sorolla,sorolla_0266,1.48515,2.16364,0.78548,"[191.0, 127.0, 63.0]","[191.0, 191.0, 191.0]","[63.0, 63.0, 63.0]","[255.0, 191.0, 191.0]","[191.0, 127.0, 127.0]"
sorolla,sorolla_0267,1.36364,0.0,0.0,"[191.0, 191.0, 191.0]","[191.0, 127.0, 127.0]","[63.0, 63.0, 63.0]","[191.0, 127.0, 63.0]","[255.0, 191.0, 191.0]"
sorolla,sorolla_0274,0.75,0.10744,1.04,"[127.0, 63.0, 63.0]","[191.0, 191.0, 255.0]","[191.0, 127.0, 63.0]","[0.0, 0.0, 0.0]","[63.0, 127.0, 191.0]"
sorolla,sorolla_0275,0.79787,9.72835,8.76241,"[191.0, 127.0, 63.0]","[255.0, 255.0, 255.0]","[127.0, 127.0, 127.0]","[63.0, 63.0, 63.0]","[191.0, 191.0, 191.0]"
sorolla,sorolla_0279,1.1811,1.29032,0.20997,"[127.0, 127.0, 127.0]","[127.0, 127.0, 63.0]","[63.0, 63.0, 63.0]","[127.0, 191.0, 191.0]","[191.0, 191.0, 127.0]"
sorolla,sorolla_0281,0.7177,0.32812,0.13397,"[63.0, 63.0, 63.0]","[191.0, 127.0, 127.0]","[191.0, 127.0, 63.0]","[127.0, 63.0, 63.0]","[191.0, 127.0, 191.0]"
sorolla,sorolla_0282,1.42857,0.0,0.0,"[127.0, 63.0, 63.0]","[191.0, 127.0, 63.0]","[191.0, 63.0, 63.0]","[255.0, 191.0, 127.0]","[63.0, 63.0, 63.0]"
sorolla,sorolla_0283,1.48515,11.20667,22.19142,"[255.0, 255.0, 191.0]","[127.0, 127.0, 63.0]","[191.0, 191.0, 191.0]","[63.0, 63.0, 0.0]","[255.0, 255.0, 255.0]"
sorolla,sorolla_0285,1.2605,0.22684,0.67227,"[63.0, 63.0, 63.0]","[127.0, 127.0, 191.0]","[127.0, 127.0, 127.0]","[0.0, 0.0, 0.0]","[191.0, 191.0, 191.0]"
sorolla,sorolla_0286,0.7772,1.31707,1.86528,"[191.0, 191.0, 191.0]","[63.0, 63.0, 63.0]","[127.0, 127.0, 127.0]","[255.0, 255.0, 255.0]","[0.0, 0.0, 0.0]"
sorolla,sorolla_0287,0.69124,14.79612,4.68203,"[255.0, 191.0, 191.0]","[127.0, 127.0, 63.0]","[127.0, 127.0, 127.0]","[63.0, 63.0, 63.0]","[191.0, 191.0, 127.0]"
sorolla,sorolla_0288,0.62241,0.07577,0.58645,"[191.0, 191.0, 191.0]","[63.0, 63.0, 63.0]","[0.0, 0.0, 0.0]","[127.0, 127.0, 63.0]","[255.0, 191.0, 191.0]"
sorolla,sorolla_0289,0.7732,4.38855,10.01375,"[191.0, 191.0, 191.0]","[63.0, 63.0, 63.0]","[127.0, 127.0, 127.0]","[255.0, 255.0, 255.0]","[0.0, 0.0, 0.0]"
sorolla,sorolla_0290,0.76531,0.1748,0.14626,"[127.0, 127.0, 63.0]","[191.0, 191.0, 191.0]","[63.0, 63.0, 63.0]","[127.0, 127.0, 127.0]","[191.0, 191.0, 127.0]"
sorolla,sorolla_0291,0.67873,0.4375,0.73906,"[127.0, 63.0, 63.0]","[63.0, 63.0, 0.0]","[63.0, 63.0, 63.0]","[191.0, 191.0, 127.0]","[127.0, 127.0, 63.0]"
sorolla,sorolla_0293,0.72816,0.97674,0.67961,"[191.0, 191.0, 191.0]","[63.0, 63.0, 63.0]","[127.0, 127.0, 127.0]","[191.0, 127.0, 63.0]","[127.0, 63.0, 63.0]"
sorolla,sorolla_0294,1.53061,0.0905,0.13605,"[191.0, 191.0, 127.0]","[127.0, 127.0, 63.0]","[63.0, 63.0, 63.0]","[191.0, 127.0, 63.0]","[127.0, 63.0, 63.0]"
sorolla,sorolla_0295,0.70423,2.0076,4.13459,"[255.0, 255.0, 191.0]","[127.0, 63.0, 63.0]","[191.0, 127.0, 127.0]","[63.0, 63.0, 0.0]","[191.0, 191.0, 191.0]"
sorolla,sorolla_0296,1.04167,2.82609,0.30093,"[191.0, 127.0, 127.0]","[127.0, 63.0, 63.0]","[255.0, 191.0, 191.0]","[127.0, 127.0, 127.0]","[127.0, 127.0, 63.0]"
sorolla,sorolla_0298,0.62241,0.0,0.0,"[191.0, 191.0, 127.0]","[127.0, 63.0, 63.0]","[63.0, 63.0, 0.0]","[191.0, 127.0, 63.0]","[191.0, 127.0, 127.0]"
sorolla,sorolla_0299,0.58366,0.00074,0.00778,"[63.0, 63.0, 127.0]","[191.0, 191.0, 191.0]","[63.0, 63.0, 63.0]","[0.0, 0.0, 0.0]","[127.0, 127.0, 127.0]"
sorolla,sorolla_0300,1.44231,0.0,0.0,"[0.0, 0.0, 0.0]","[127.0, 63.0, 63.0]","[255.0, 191.0, 127.0]","[63.0, 0.0, 0.0]","[63.0, 63.0, 0.0]"
sorolla,sorolla_0301,1.51515,0.07314,0.84175,"[0.0, 0.0, 0.0]","[191.0, 191.0, 191.0]","[63.0, 63.0, 63.0]","[127.0, 127.0, 127.0]","[63.0, 63.0, 0.0]"
sorolla,sorolla_0302,1.48515,0.0,0.0,"[255.0, 191.0, 191.0]","[63.0, 63.0, 63.0]","[127.0, 127.0, 127.0]","[191.0, 191.0, 191.0]","[255.0, 255.0, 191.0]"
sorolla,sorolla_0305,1.64835,0.00235,0.06593,"[0.0, 0.0, 0.0]","[63.0, 127.0, 63.0]","[191.0, 191.0, 127.0]","[127.0, 127.0, 63.0]","[0.0, 63.0, 0.0]"
sorolla,sorolla_0306,0.78125,0.66667,0.01389,"[127.0, 127.0, 191.0]","[191.0, 191.0, 191.0]","[127.0, 127.0, 127.0]","[63.0, 63.0, 63.0]","[63.0, 127.0, 127.0]"
sorolla,sorolla_0307,0.97403,0.89691,1.50649,"[191.0, 191.0, 63.0]","[63.0, 63.0, 63.0]","[191.0, 191.0, 191.0]","[127.0, 63.0, 63.0]","[0.0, 63.0, 63.0]"
sorolla,sorolla_0308,1.45631,13.97973,13.39159,"[63.0, 63.0, 63.0]","[255.0, 255.0, 255.0]","[191.0, 191.0, 127.0]","[127.0, 127.0, 63.0]","[127.0, 127.0, 127.0]"
sorolla,sorolla_0309,0.78125,0.0,0.0,"[127.0, 127.0, 63.0]","[127.0, 127.0, 191.0]","[63.0, 63.0, 63.0]","[127.0, 127.0, 127.0]","[191.0, 191.0, 191.0]"
sorolla,sorolla_0310,0.67873,0.0,0.0,"[191.0, 127.0, 127.0]","[63.0, 63.0, 63.0]","[127.0, 63.0, 63.0]","[0.0, 0.0, 0.0]","[127.0, 127.0, 127.0]"
sorolla,sorolla_0311,0.75,0.01852,0.00667,"[191.0, 191.0, 191.0]","[63.0, 63.0, 0.0]","[127.0, 127.0, 63.0]","[63.0, 63.0, 63.0]","[191.0, 127.0, 127.0]"
sorolla,sorolla_0312,0.58366,0.0,0.0,"[191.0, 127.0, 127.0]","[63.0, 63.0, 63.0]","[127.0, 127.0, 127.0]","[127.0, 127.0, 63.0]","[0.0, 0.0, 0.0]"
sorolla,sorolla_0313,1.32743,0.0,0.0,"[255.0, 191.0, 127.0]","[63.0, 63.0, 0.0]","[127.0, 127.0, 63.0]","[127.0, 63.0, 63.0]","[191.0, 127.0, 63.0]"
sorolla,sorolla_0314,1.14504,0.00217,0.07634,"[191.0, 127.0, 127.0]","[0.0, 0.0, 0.0]","[127.0, 63.0, 63.0]","[63.0, 0.0, 0.0]","[191.0, 191.0, 191.0]"
sorolla,sorolla_0315,1.47059,2.18868,0.75817,"[127.0, 63.0, 63.0]","[191.0, 191.0, 191.0]","[191.0, 127.0, 63.0]","[191.0, 127.0, 127.0]","[191.0, 191.0, 127.0]"
sorolla,sorolla_0316,0.7772,0.06195,0.55613,"[63.0, 63.0, 63.0]","[191.0, 127.0, 127.0]","[0.0, 0.0, 0.0]","[127.0, 63.0, 63.0]","[191.0, 191.0, 191.0]"
sorolla,sorolla_0317,0.75,64.78947,4.10333,"[191.0, 127.0, 127.0]","[127.0, 127.0, 127.0]","[63.0, 63.0, 63.0]","[191.0, 191.0, 191.0]","[255.0, 255.0, 255.0]"
sorolla,sorolla_0318,0.64935,0.03954,0.37518,"[191.0, 191.0, 191.0]","[0.0, 0.0, 0.0]","[63.0, 63.0, 63.0]","[255.0, 191.0, 191.0]","[127.0, 127.0, 127.0]"
sorolla,sorolla_0319,1.41509,0.0228,0.62264,"[63.0, 0.0, 0.0]","[191.0, 191.0, 191.0]","[63.0, 63.0, 63.0]","[0.0, 0.0, 0.0]","[127.0, 127.0, 127.0]"
sorolla,sorolla_0320,0.75377,0.0,0.0,"[63.0, 0.0, 0.0]","[127.0, 127.0, 63.0]","[63.0, 63.0, 63.0]","[0.0, 0.0, 0.0]","[191.0, 127.0, 127.0]"
sorolla,sorolla_0321,1.44231,0.0,0.0,"[255.0, 191.0, 191.0]","[127.0, 63.0, 63.0]","[63.0, 63.0, 0.0]","[191.0, 191.0, 127.0]","[127.0, 63.0, 0.0]"
sorolla,sorolla_0322,1.23967,0.0,0.0,"[191.0, 191.0, 127.0]","[63.0, 63.0, 63.0]","[127.0, 127.0, 63.0]","[0.0, 0.0, 0.0]","[63.0, 63.0, 0.0]"
sorolla,sorolla_0323,0.67568,0.0,0.0,"[191.0, 127.0, 63.0]","[127.0, 63.0, 63.0]","[191.0, 191.0, 191.0]","[191.0, 127.0, 127.0]","[63.0, 63.0, 0.0]"
sorolla,sorolla_0325,0.69444,0.00077,0.00617,"[127.0, 127.0, 63.0]","[0.0, 0.0, 0.0]","[191.0, 191.0, 127.0]","[63.0, 63.0, 63.0]","[127.0, 63.0, 63.0]"
sorolla,sorolla_0326,0.7177,0.0,0.0,"[127.0, 63.0, 0.0]","[0.0, 0.0, 0.0]","[191.0, 127.0, 63.0]","[63.0, 63.0, 0.0]","[63.0, 0.0, 0.0]"
sorolla,sorolla_0327,0.74627,0.18305,0.4942,"[127.0, 127.0, 127.0]","[63.0, 63.0, 0.0]","[191.0, 127.0, 63.0]","[191.0, 191.0, 127.0]","[191.0, 63.0, 0.0]"
sorolla,sorolla_0328,1.92308,0.00422,0.08547,"[63.0, 0.0, 63.0]","[191.0, 127.0, 127.0]","[63.0, 63.0, 63.0]","[191.0, 191.0, 191.0]","[0.0, 0.0, 0.0]"
sorolla,sorolla_0329,0.66667,0.0,0.0,"[255.0, 191.0, 191.0]","[127.0, 127.0, 63.0]","[0.0, 0.0, 0.0]","[63.0, 63.0, 63.0]","[191.0, 127.0, 63.0]"
sorolla,sorolla_0330,0.78125,0.0,0.0,"[0.0, 0.0, 0.0]","[191.0, 127.0, 63.0]","[63.0, 63.0, 63.0]","[191.0, 127.0, 127.0]","[63.0, 63.0, 0.0]"
sorolla,sorolla_0331,1.2605,0.18121,0.15126,"[191.0, 191.0, 191.0]","[191.0, 127.0, 63.0]","[255.0, 191.0, 127.0]","[63.0, 63.0, 63.0]","[127.0, 127.0, 127.0]"
sorolla,sorolla_0332,0.54152,0.00088,0.00963,"[191.0, 191.0, 191.0]","[63.0, 63.0, 63.0]","[191.0, 127.0, 127.0]","[127.0, 63.0, 63.0]","[0.0, 0.0, 0.0]"
sorolla,sorolla_0333,1.57895,0.0,0.0,"[0.0, 0.0, 0.0]","[191.0, 127.0, 63.0]","[63.0, 63.0, 63.0]","[63.0, 0.0, 0.0]","[255.0, 191.0, 127.0]"
sorolla,sorolla_0334,1.33929,0.13853,0.19048,"[191.0, 191.0, 127.0]","[63.0, 63.0, 63.0]","[191.0, 127.0, 127.0]","[191.0, 127.0, 63.0]","[191.0, 191.0, 191.0]"
sorolla,sorolla_0335,0.64935,1.54684,5.86147,"[63.0, 63.0, 0.0]","[191.0, 191.0, 191.0]","[127.0, 127.0, 63.0]","[255.0, 255.0, 191.0]","[191.0, 127.0, 63.0]"
sorolla,sorolla_0336,0.7177,0.0,0.0,"[63.0, 63.0, 63.0]","[127.0, 127.0, 127.0]","[63.0, 63.0, 127.0]","[191.0, 127.0, 127.0]","[0.0, 0.0, 0.0]"
sorolla,sorolla_0337,1.30435,0.0002,0.0058,"[0.0, 0.0, 0.0]","[127.0, 127.0, 127.0]","[63.0, 63.0, 63.0]","[127.0, 63.0, 63.0]","[191.0, 191.0, 191.0]"
sorolla,sorolla_0338,0.64655,0.0,0.0,"[191.0, 127.0, 63.0]","[191.0, 191.0, 127.0]","[191.0, 191.0, 191.0]","[63.0, 63.0, 0.0]","[127.0, 127.0, 127.0]"
sorolla,sorolla_0340,0.76531,34.75,1.89116,"[255.0, 255.0, 191.0]","[191.0, 127.0, 127.0]","[191.0, 191.0, 191.0]","[63.0, 63.0, 63.0]","[127.0, 127.0, 127.0]"
sorolla,sorolla_0341,0.57692,0.87615,1.95897,"[127.0, 127.0, 63.0]","[255.0, 255.0, 191.0]","[255.0, 191.0, 63.0]","[63.0, 63.0, 0.0]","[191.0, 127.0, 63.0]"
sorolla,sorolla_0342,1.63043,0.0,0.0,"[191.0, 127.0, 63.0]","[127.0, 63.0, 63.0]","[63.0, 63.0, 63.0]","[191.0, 191.0, 127.0]","[127.0, 127.0, 63.0]"
sorolla,sorolla_0343,0.66667,0.01113,0.10963,"[127.0, 127.0, 63.0]","[63.0, 63.0, 63.0]","[191.0, 191.0, 191.0]","[0.0, 0.0, 0.0]","[127.0, 127.0, 127.0]"
sorolla,sorolla_0344,1.38889,0.01185,0.08025,"[63.0, 0.0, 0.0]","[191.0, 127.0, 63.0]","[191.0, 191.0, 191.0]","[127.0, 63.0, 63.0]","[63.0, 63.0, 0.0]"
sorolla,sorolla_0345,0.61224,0.92137,2.48707,"[127.0, 127.0, 63.0]","[255.0, 191.0, 191.0]","[63.0, 63.0, 0.0]","[191.0, 191.0, 191.0]","[191.0, 127.0, 63.0]"
sorolla,sorolla_0346,1.40187,0.0,0.0,"[127.0, 127.0, 63.0]","[0.0, 0.0, 0.0]","[63.0, 63.0, 63.0]","[127.0, 63.0, 63.0]","[191.0, 127.0, 63.0]"
sorolla,sorolla_0347,0.7772,0.0,0.0,"[127.0, 63.0, 0.0]","[63.0, 63.0, 0.0]","[191.0, 127.0, 63.0]","[127.0, 127.0, 0.0]","[63.0, 63.0, 63.0]"
sorolla,sorolla_0348,0.74257,1.97536,4.49835,"[127.0, 127.0, 63.0]","[191.0, 191.0, 191.0]","[127.0, 127.0, 127.0]","[255.0, 191.0, 127.0]","[0.0, 0.0, 0.0]"
sorolla,sorolla_0349,0.79787,0.56311,0.61702,"[191.0, 191.0, 191.0]","[191.0, 127.0, 63.0]","[191.0, 191.0, 127.0]","[63.0, 63.0, 63.0]","[255.0, 191.0, 191.0]"
sorolla,sorolla_0350,0.67873,0.0,0.0,"[0.0, 0.0, 0.0]","[127.0, 127.0, 63.0]","[63.0, 63.0, 0.0]","[63.0, 63.0, 63.0]","[191.0, 127.0, 127.0]"
sorolla,sorolla_0351,0.79365,0.0,0.0,"[255.0, 191.0, 127.0]","[127.0, 63.0, 0.0]","[191.0, 127.0, 0.0]","[191.0, 191.0, 63.0]","[191.0, 127.0, 63.0]"
sorolla,sorolla_0352,0.73892,0.00037,0.00657,"[191.0, 127.0, 63.0]","[0.0, 0.0, 0.0]","[127.0, 63.0, 63.0]","[63.0, 0.0, 0.0]","[191.0, 127.0, 127.0]"
sorolla,sorolla_0353,0.7177,0.92683,0.60606,"[191.0, 127.0, 127.0]","[191.0, 191.0, 127.0]","[255.0, 255.0, 191.0]","[127.0, 127.0, 63.0]","[127.0, 63.0, 63.0]"
sorolla,sorolla_0354,0.93168,0.0,0.0,"[127.0, 127.0, 63.0]","[0.0, 0.0, 0.0]","[63.0, 63.0, 0.0]","[191.0, 191.0, 127.0]","[127.0, 63.0, 63.0]"
sorolla,sorolla_0355,0.69444,0.06287,0.32407,"[0.0, 0.0, 0.0]","[191.0, 191.0, 127.0]","[63.0, 63.0, 0.0]","[255.0, 255.0, 191.0]","[127.0, 127.0, 63.0]"
sorolla,sorolla_0356,0.73171,0.21875,0.06829,"[191.0, 191.0, 191.0]","[127.0, 127.0, 63.0]","[127.0, 127.0, 127.0]","[63.0, 63.0, 0.0]","[63.0, 63.0, 63.0]"
sorolla,sorolla_0357,0.65789,0.0,0.0,"[0.0, 0.0, 0.0]","[127.0, 127.0, 63.0]","[63.0, 63.0, 63.0]","[191.0, 127.0, 63.0]","[127.0, 63.0, 63.0]"
sorolla,sorolla_0358,1.37615,0.0,0.0,"[63.0, 0.0, 0.0]","[127.0, 63.0, 63.0]","[63.0, 63.0, 63.0]","[0.0, 0.0, 0.0]","[191.0, 127.0, 127.0]"
sorolla,sorolla_0359,0.99338,0.0,0.0,"[63.0, 63.0, 63.0]","[191.0, 127.0, 127.0]","[191.0, 191.0, 127.0]","[127.0, 63.0, 63.0]","[191.0, 127.0, 63.0]"
sorolla,sorolla_0360,0.66372,0.0,0.0,"[255.0, 191.0, 191.0]","[191.0, 127.0, 63.0]","[191.0, 127.0, 127.0]","[127.0, 63.0, 63.0]","[191.0, 191.0, 191.0]"
sorolla,sorolla_0361,1.14504,0.48951,0.71247,"[127.0, 127.0, 63.0]","[191.0, 191.0, 127.0]","[63.0, 63.0, 63.0]","[191.0, 191.0, 63.0]","[255.0, 191.0, 191.0]"
sorolla,sorolla_0362,0.72464,80.0625,4.1256,"[63.0, 63.0, 63.0]","[191.0, 127.0, 127.0]","[127.0, 127.0, 127.0]","[255.0, 255.0, 255.0]","[191.0, 191.0, 191.0]"
sorolla,sorolla_0363,1.59574,0.0,0.0,"[127.0, 127.0, 63.0]","[191.0, 191.0, 191.0]","[63.0, 63.0, 0.0]","[191.0, 191.0, 127.0]","[191.0, 127.0, 63.0]"
sorolla,sorolla_0364,0.66372,0.00063,0.00885,"[127.0, 127.0, 63.0]","[0.0, 0.0, 0.0]","[63.0, 63.0, 63.0]","[255.0, 127.0, 63.0]","[191.0, 127.0, 63.0]"
sorolla,sorolla_0365,0.68493,0.0049,0.04871,"[127.0, 63.0, 63.0]","[127.0, 127.0, 63.0]","[63.0, 63.0, 63.0]","[0.0, 0.0, 0.0]","[63.0, 63.0, 0.0]"
sorolla,sorolla_0366,0.78125,0.51166,1.14236,"[63.0, 63.0, 63.0]","[191.0, 191.0, 127.0]","[63.0, 63.0, 127.0]","[127.0, 63.0, 0.0]","[255.0, 191.0, 191.0]"
