hokusai,hokusai_0003,0.7732,1.18519,1.09966,"[191.0, 127.0, 127.0]","[191.0, 191.0, 191.0]","[255.0, 255.0, 255.0]","[127.0, 127.0, 127.0]","[63.0, 63.0, 63.0]"
hokusai,hokusai_0004,0.66667,5.625,0.26667,"[191.0, 191.0, 127.0]","[63.0, 63.0, 63.0]","[191.0, 191.0, 191.0]","[127.0, 127.0, 127.0]","[255.0, 191.0, 191.0]"
hokusai,hokusai_0005,0.63559,0.0,0.0,"[255.0, 255.0, 191.0]","[127.0, 127.0, 63.0]","[255.0, 255.0, 127.0]","[191.0, 191.0, 127.0]","[63.0, 63.0, 63.0]"
hokusai,hokusai_0006,0.74627,278.20455,40.60033,"[63.0, 63.0, 127.0]","[255.0, 255.0, 255.0]","[127.0, 127.0, 127.0]","[63.0, 63.0, 63.0]","[191.0, 191.0, 191.0]"
hokusai,hokusai_0009,0.68493,80.98049,50.53577,"[127.0, 127.0, 127.0]","[255.0, 255.0, 255.0]","[191.0, 191.0, 191.0]","[63.0, 63.0, 63.0]","[0.0, 0.0, 0.0]"
hokusai,hokusai_0010,1.44231,1315.66667,25.30128,"[191.0, 191.0, 191.0]","[63.0, 63.0, 63.0]","[127.0, 127.0, 127.0]","[255.0, 255.0, 255.0]","[0.0, 0.0, 0.0]"
hokusai,hokusai_0011,1.41509,2.91346,9.5283,"[127.0, 127.0, 63.0]","[191.0, 191.0, 191.0]","[0.0, 0.0, 0.0]","[191.0, 191.0, 127.0]","[255.0, 255.0, 255.0]"
hokusai,hokusai_0012,0.75,219.53061,35.85667,"[191.0, 191.0, 191.0]","[127.0, 127.0, 127.0]","[255.0, 255.0, 255.0]","[63.0, 63.0, 63.0]","[0.0, 0.0, 0.0]"
hokusai,hokusai_0013,0.69767,2.56959,6.18295,"[255.0, 255.0, 191.0]","[63.0, 63.0, 63.0]","[255.0, 191.0, 127.0]","[255.0, 191.0, 191.0]","[191.0, 127.0, 63.0]"
hokusai,hokusai_0014,0.66372,0.0013,0.00295,"[191.0, 191.0, 127.0]","[127.0, 127.0, 63.0]","[255.0, 191.0, 191.0]","[63.0, 63.0, 63.0]","[255.0, 255.0, 191.0]"
hokusai,hokusai_0015,0.75,1800.0,12.0,"[127.0, 127.0, 63.0]","[255.0, 191.0, 127.0]","[255.0, 255.0, 255.0]","[191.0, 191.0, 127.0]","[63.0, 63.0, 63.0]"
hokusai,hokusai_0016,0.70093,7.8,0.1215,"[191.0, 127.0, 127.0]","[63.0, 63.0, 63.0]","[127.0, 127.0, 63.0]","[191.0, 191.0, 127.0]","[63.0, 127.0, 63.0]"
hokusai,hokusai_0017,0.70755,3.8,0.05975,"[191.0, 127.0, 127.0]","[63.0, 63.0, 63.0]","[127.0, 127.0, 63.0]","[191.0, 191.0, 127.0]","[191.0, 127.0, 63.0]"
hokusai,hokusai_0018,0.66079,0.0,0.0,"[0.0, 0.0, 0.0]","[191.0, 191.0, 191.0]","[63.0, 127.0, 127.0]","[63.0, 63.0, 63.0]","[255.0, 191.0, 191.0]"
hokusai,hokusai_0020,0.70423,0.0,0.0,"[191.0, 191.0, 127.0]","[255.0, 191.0, 191.0]","[127.0, 63.0, 63.0]","[255.0, 191.0, 127.0]","[191.0, 127.0, 127.0]"
hokusai,hokusai_0024,0.65217,0.0,0.0,"[255.0, 191.0, 191.0]","[63.0, 63.0, 63.0]","[191.0, 191.0, 127.0]","[127.0, 127.0, 127.0]","[191.0, 191.0, 191.0]"
hokusai,hokusai_0027,0.66667,0.0,0.0,"[63.0, 63.0, 63.0]","[127.0, 127.0, 127.0]","[191.0, 191.0, 127.0]","[191.0, 127.0, 127.0]","[127.0, 127.0, 63.0]"
hokusai,hokusai_0028,0.66372,0.0,0.0,"[255.0, 191.0, 191.0]","[127.0, 127.0, 127.0]","[191.0, 191.0, 127.0]","[191.0, 127.0, 127.0]","[63.0, 63.0, 63.0]"
hokusai,hokusai_0032,0.67265,0.0,0.0,"[127.0, 63.0, 63.0]","[191.0, 191.0, 127.0]","[191.0, 127.0, 127.0]","[127.0, 127.0, 127.0]","[191.0, 191.0, 191.0]"
hokusai,hokusai_0033,0.75377,10.91176,1.24288,"[191.0, 127.0, 127.0]","[191.0, 191.0, 191.0]","[63.0, 63.0, 63.0]","[191.0, 191.0, 127.0]","[255.0, 191.0, 191.0]"
hokusai,hokusai_0034,1.47059,0.0,0.0,"[191.0, 127.0, 63.0]","[63.0, 63.0, 63.0]","[191.0, 191.0, 127.0]","[127.0, 127.0, 63.0]","[191.0, 191.0, 63.0]"
hokusai,hokusai_0035,0.67265,0.01818,0.14649,"[255.0, 191.0, 191.0]","[63.0, 63.0, 63.0]","[191.0, 191.0, 191.0]","[0.0, 0.0, 0.0]","[191.0, 127.0, 127.0]"
hokusai,hokusai_0036,0.66964,0.0,0.0,"[127.0, 127.0, 127.0]","[127.0, 63.0, 63.0]","[63.0, 63.0, 63.0]","[191.0, 191.0, 191.0]","[63.0, 63.0, 127.0]"
hokusai,hokusai_0037,1.38889,0.05123,0.2963,"[0.0, 0.0, 63.0]","[127.0, 127.0, 127.0]","[63.0, 63.0, 63.0]","[191.0, 191.0, 191.0]","[191.0, 127.0, 127.0]"
hokusai,hokusai_0039,0.66964,0.0,0.0,"[127.0, 191.0, 191.0]","[63.0, 63.0, 63.0]","[255.0, 255.0, 191.0]","[191.0, 127.0, 63.0]","[127.0, 127.0, 127.0]"
hokusai,hokusai_0042,0.73171,0.0,0.0,"[191.0, 127.0, 127.0]","[63.0, 63.0, 63.0]","[191.0, 191.0, 191.0]","[63.0, 63.0, 127.0]","[0.0, 63.0, 63.0]"
hokusai,hokusai_0043,0.68182,0.0,0.0,"[191.0, 191.0, 191.0]","[0.0, 0.0, 63.0]","[255.0, 255.0, 191.0]","[63.0, 63.0, 63.0]","[127.0, 127.0, 127.0]"
hokusai,hokusai_0047,0.73171,0.0,0.0,"[127.0, 127.0, 63.0]","[0.0, 0.0, 0.0]","[63.0, 63.0, 63.0]","[255.0, 191.0, 63.0]","[191.0, 127.0, 63.0]"
hokusai,hokusai_0051,1.47059,0.0,0.0,"[127.0, 127.0, 127.0]","[0.0, 63.0, 127.0]","[0.0, 63.0, 63.0]","[191.0, 191.0, 127.0]","[191.0, 127.0, 63.0]"
hokusai,hokusai_0054,1.33929,76.0,0.90476,"[191.0, 127.0, 127.0]","[191.0, 191.0, 191.0]","[63.0, 63.0, 63.0]","[255.0, 191.0, 191.0]","[127.0, 127.0, 127.0]"
hokusai,hokusai_0056,0.67265,323.33333,5.7997,"[63.0, 63.0, 63.0]","[191.0, 191.0, 191.0]","[127.0, 127.0, 127.0]","[255.0, 255.0, 255.0]","[191.0, 191.0, 127.0]"
hokusai,hokusai_0057,0.68182,0.0,0.0,"[191.0, 191.0, 191.0]","[63.0, 63.0, 63.0]","[191.0, 127.0, 127.0]","[127.0, 127.0, 127.0]","[63.0, 0.0, 0.0]"
hokusai,hokusai_0058,0.67873,0.0,0.0,"[191.0, 191.0, 127.0]","[63.0, 63.0, 63.0]","[191.0, 191.0, 191.0]","[127.0, 127.0, 127.0]","[127.0, 191.0, 191.0]"
hokusai,hokusai_0060,0.68493,4.30303,0.43227,"[191.0, 191.0, 127.0]","[63.0, 63.0, 63.0]","[127.0, 127.0, 127.0]","[191.0, 191.0, 191.0]","[127.0, 127.0, 63.0]"
hokusai,hokusai_0061,0.69767,2310.0,7.16279,"[127.0, 127.0, 127.0]","[191.0, 191.0, 191.0]","[255.0, 255.0, 255.0]","[63.0, 63.0, 127.0]","[255.0, 191.0, 191.0]"
hokusai,hokusai_0062,0.67265,6.21646,18.287,"[63.0, 63.0, 63.0]","[191.0, 191.0, 191.0]","[127.0, 127.0, 127.0]","[255.0, 255.0, 255.0]","[0.0, 0.0, 0.0]"
hokusai,hokusai_0063,0.68807,1.44289,6.29664,"[191.0, 191.0, 127.0]","[63.0, 63.0, 63.0]","[255.0, 255.0, 255.0]","[255.0, 191.0, 191.0]","[0.0, 0.0, 0.0]"
hokusai,hokusai_0064,1.41509,0.0,0.0,"[255.0, 191.0, 127.0]","[191.0, 127.0, 127.0]","[191.0, 191.0, 127.0]","[255.0, 191.0, 191.0]","[63.0, 63.0, 63.0]"
hokusai,hokusai_0067,1.48515,0.0,0.0,"[255.0, 191.0, 127.0]","[63.0, 63.0, 63.0]","[255.0, 255.0, 191.0]","[127.0, 127.0, 127.0]","[191.0, 191.0, 127.0]"
hokusai,hokusai_0068,1.15385,0.0,0.0,"[191.0, 127.0, 127.0]","[63.0, 63.0, 63.0]","[127.0, 63.0, 63.0]","[0.0, 0.0, 0.0]","[191.0, 191.0, 127.0]"
hokusai,hokusai_0069,1.47059,0.18182,0.01307,"[255.0, 191.0, 127.0]","[127.0, 127.0, 127.0]","[191.0, 191.0, 127.0]","[127.0, 63.0, 63.0]","[191.0, 127.0, 127.0]"
hokusai,hokusai_0070,1.14504,0.0,0.0,"[255.0, 255.0, 191.0]","[127.0, 127.0, 63.0]","[191.0, 191.0, 191.0]","[63.0, 63.0, 0.0]","[255.0, 191.0, 191.0]"
hokusai,hokusai_0073,1.74419,0.0,0.0,"[0.0, 0.0, 0.0]","[191.0, 191.0, 191.0]","[63.0, 63.0, 63.0]","[127.0, 127.0, 127.0]","[191.0, 191.0, 127.0]"
hokusai,hokusai_0074,1.13636,0.00292,0.00505,"[255.0, 191.0, 191.0]","[127.0, 127.0, 63.0]","[255.0, 255.0, 191.0]","[63.0, 63.0, 63.0]","[191.0, 127.0, 127.0]"
hokusai,hokusai_0075,1.15385,0.0,0.0,"[255.0, 255.0, 191.0]","[63.0, 63.0, 63.0]","[0.0, 0.0, 0.0]","[127.0, 127.0, 127.0]","[255.0, 191.0, 191.0]"
hokusai,hokusai_0076,1.1194,0.0,0.0,"[255.0, 191.0, 191.0]","[63.0, 63.0, 0.0]","[127.0, 63.0, 63.0]","[191.0, 191.0, 127.0]","[191.0, 191.0, 191.0]"
hokusai,hokusai_0079,0.69124,0.0,0.0,"[63.0, 63.0, 63.0]","[255.0, 191.0, 127.0]","[255.0, 255.0, 191.0]","[127.0, 127.0, 127.0]","[0.0, 0.0, 0.0]"
hokusai,hokusai_0080,0.75,1253.16667,50.12667,"[63.0, 63.0, 63.0]","[255.0, 255.0, 255.0]","[127.0, 127.0, 127.0]","[191.0, 191.0, 191.0]","[0.0, 0.0, 0.0]"
hokusai,hokusai_0083,0.7109,142.5,0.90047,"[191.0, 191.0, 191.0]","[63.0, 63.0, 63.0]","[191.0, 191.0, 127.0]","[255.0, 255.0, 191.0]","[127.0, 127.0, 127.0]"
hokusai,hokusai_0084,1.38889,0.00905,0.17284,"[63.0, 63.0, 127.0]","[255.0, 191.0, 127.0]","[0.0, 0.0, 0.0]","[63.0, 63.0, 63.0]","[127.0, 127.0, 127.0]"
hokusai,hokusai_0089,0.38363,25.10092,4.66496,"[191.0, 127.0, 127.0]","[63.0, 63.0, 63.0]","[191.0, 191.0, 191.0]","[127.0, 63.0, 63.0]","[255.0, 255.0, 191.0]"
hokusai,hokusai_0090,0.66667,0.0,0.0,"[191.0, 191.0, 191.0]","[0.0, 63.0, 63.0]","[255.0, 191.0, 191.0]","[255.0, 255.0, 191.0]","[127.0, 127.0, 127.0]"
hokusai,hokusai_0092,1.32743,6.27927,46.82596,"[255.0, 255.0, 255.0]","[63.0, 63.0, 63.0]","[191.0, 191.0, 191.0]","[127.0, 127.0, 127.0]","[0.0, 0.0, 0.0]"
hokusai,hokusai_0093,0.66667,0.0,0.0,"[255.0, 191.0, 191.0]","[0.0, 63.0, 63.0]","[191.0, 127.0, 127.0]","[255.0, 191.0, 63.0]","[127.0, 127.0, 127.0]"
hokusai,hokusai_0096,2.83019,0.0,0.0,"[63.0, 63.0, 63.0]","[191.0, 191.0, 127.0]","[127.0, 127.0, 127.0]","[0.0, 0.0, 0.0]","[191.0, 127.0, 127.0]"
hokusai,hokusai_0097,0.27778,0.0,0.0,"[255.0, 255.0, 127.0]","[127.0, 127.0, 63.0]","[191.0, 191.0, 127.0]","[63.0, 63.0, 63.0]","[255.0, 191.0, 127.0]"
hokusai,hokusai_0098,0.73529,0.0006,0.02941,"[63.0, 63.0, 63.0]","[191.0, 127.0, 127.0]","[0.0, 0.0, 0.0]","[127.0, 63.0, 63.0]","[191.0, 127.0, 63.0]"
hokusai,hokusai_0100,0.66964,500.46667,22.34226,"[191.0, 191.0, 127.0]","[127.0, 63.0, 63.0]","[255.0, 255.0, 255.0]","[191.0, 127.0, 127.0]","[63.0, 63.0, 63.0]"
hokusai,hokusai_0101,0.66372,0.42073,0.20354,"[127.0, 127.0, 127.0]","[191.0, 191.0, 127.0]","[63.0, 63.0, 63.0]","[191.0, 191.0, 191.0]","[191.0, 127.0, 127.0]"
hokusai,hokusai_0102,0.66667,0.0,0.0,"[255.0, 191.0, 191.0]","[63.0, 63.0, 63.0]","[255.0, 255.0, 191.0]","[255.0, 191.0, 127.0]","[191.0, 127.0, 63.0]"
hokusai,hokusai_0103,1.0,0.02439,0.00444,"[191.0, 63.0, 63.0]","[191.0, 191.0, 127.0]","[127.0, 63.0, 63.0]","[63.0, 63.0, 63.0]","[127.0, 127.0, 127.0]"
hokusai,hokusai_0104,0.70423,0.0,0.0,"[63.0, 63.0, 63.0]","[191.0, 191.0, 127.0]","[191.0, 191.0, 191.0]","[127.0, 127.0, 127.0]","[0.0, 0.0, 0.0]"
hokusai,hokusai_0105,0.81522,14.27778,0.93116,"[191.0, 191.0, 127.0]","[63.0, 63.0, 63.0]","[191.0, 191.0, 191.0]","[127.0, 127.0, 127.0]","[255.0, 255.0, 191.0]"
hokusai,hokusai_0109,0.66079,0.0,0.0,"[255.0, 191.0, 127.0]","[0.0, 63.0, 63.0]","[127.0, 127.0, 63.0]","[127.0, 127.0, 127.0]","[255.0, 191.0, 191.0]"
hokusai,hokusai_0111,1.0,0.10106,0.08444,"[0.0, 0.0, 63.0]","[127.0, 127.0, 127.0]","[191.0, 191.0, 191.0]","[63.0, 63.0, 63.0]","[127.0, 127.0, 191.0]"
hokusai,hokusai_0114,0.7177,0.05365,0.38915,"[191.0, 191.0, 191.0]","[0.0, 0.0, 63.0]","[127.0, 127.0, 127.0]","[191.0, 127.0, 127.0]","[255.0, 63.0, 63.0]"
hokusai,hokusai_0115,0.36408,0.0,0.0,"[191.0, 127.0, 127.0]","[0.0, 0.0, 0.0]","[255.0, 191.0, 191.0]","[191.0, 191.0, 127.0]","[255.0, 191.0, 127.0]"
hokusai,hokusai_0118,1.44231,45.61491,47.07692,"[191.0, 191.0, 191.0]","[255.0, 255.0, 255.0]","[63.0, 63.0, 63.0]","[127.0, 127.0, 127.0]","[0.0, 0.0, 0.0]"
hokusai,hokusai_0119,0.68493,3260.0,9.9239,"[191.0, 191.0, 127.0]","[0.0, 63.0, 63.0]","[191.0, 191.0, 191.0]","[127.0, 127.0, 127.0]","[255.0, 255.0, 255.0]"
hokusai,hokusai_0120,0.66667,0.0,0.0,"[63.0, 63.0, 63.0]","[255.0, 255.0, 191.0]","[127.0, 127.0, 63.0]","[191.0, 191.0, 191.0]","[0.0, 0.0, 63.0]"
hokusai,hokusai_0121,0.68807,924.0,2.82569,"[127.0, 127.0, 127.0]","[191.0, 191.0, 191.0]","[63.0, 63.0, 63.0]","[255.0, 191.0, 191.0]","[127.0, 191.0, 191.0]"
hokusai,hokusai_0122,0.66964,0.0,0.0,"[127.0, 191.0, 191.0]","[63.0, 63.0, 63.0]","[191.0, 191.0, 127.0]","[127.0, 127.0, 63.0]","[255.0, 255.0, 191.0]"
hokusai,hokusai_0124,0.68182,0.01316,0.00909,"[255.0, 191.0, 127.0]","[127.0, 127.0, 63.0]","[63.0, 63.0, 63.0]","[191.0, 191.0, 191.0]","[191.0, 191.0, 127.0]"
hokusai,hokusai_0126,0.81967,7.78519,3.82878,"[191.0, 191.0, 191.0]","[63.0, 63.0, 63.0]","[191.0, 127.0, 127.0]","[255.0, 255.0, 255.0]","[127.0, 127.0, 127.0]"
hokusai,hokusai_0127,0.74627,0.0009,0.00663,"[255.0, 191.0, 191.0]","[63.0, 63.0, 63.0]","[0.0, 0.0, 0.0]","[255.0, 191.0, 127.0]","[191.0, 127.0, 63.0]"
hokusai,hokusai_0128,0.72115,0.10957,0.53205,"[191.0, 191.0, 191.0]","[63.0, 0.0, 0.0]","[127.0, 127.0, 127.0]","[255.0, 255.0, 191.0]","[255.0, 191.0, 191.0]"
hokusai,hokusai_0129,0.85227,0.0,0.0,"[255.0, 191.0, 191.0]","[127.0, 127.0, 63.0]","[191.0, 127.0, 127.0]","[191.0, 191.0, 127.0]","[63.0, 63.0, 0.0]"
hokusai,hokusai_0131,0.66079,0.0,0.0,"[127.0, 127.0, 63.0]","[191.0, 191.0, 127.0]","[0.0, 0.0, 63.0]","[255.0, 255.0, 191.0]","[63.0, 63.0, 63.0]"
hokusai,hokusai_0132,0.60976,54.45171,47.36856,"[255.0, 255.0, 255.0]","[127.0, 127.0, 127.0]","[191.0, 191.0, 191.0]","[63.0, 63.0, 63.0]","[0.0, 0.0, 0.0]"
hokusai,hokusai_0134,1.37615,0.0,0.0,"[127.0, 127.0, 63.0]","[191.0, 191.0, 127.0]","[191.0, 127.0, 63.0]","[191.0, 127.0, 127.0]","[63.0, 63.0, 0.0]"
hokusai,hokusai_0135,1.38889,0.0,0.0,"[191.0, 63.0, 63.0]","[63.0, 63.0, 63.0]","[127.0, 127.0, 127.0]","[191.0, 191.0, 127.0]","[63.0, 127.0, 127.0]"
hokusai,hokusai_0136,0.66079,0.08623,0.60499,"[255.0, 255.0, 127.0]","[0.0, 0.0, 0.0]","[191.0, 191.0, 191.0]","[255.0, 191.0, 127.0]","[127.0, 127.0, 127.0]"
hokusai,hokusai_0138,0.67265,1.18553,1.12706,"[255.0, 255.0, 191.0]","[63.0, 63.0, 63.0]","[127.0, 127.0, 127.0]","[191.0, 191.0, 191.0]","[0.0, 0.0, 63.0]"
hokusai,hokusai_0139,0.65502,0.07486,0.23581,"[63.0, 63.0, 63.0]","[255.0, 255.0, 191.0]","[127.0, 127.0, 127.0]","[0.0, 0.0, 0.0]","[255.0, 191.0, 191.0]"
hokusai,hokusai_0141,1.40187,4.67203,14.46729,"[127.0, 127.0, 127.0]","[0.0, 0.0, 63.0]","[191.0, 191.0, 191.0]","[63.0, 63.0, 63.0]","[255.0, 255.0, 255.0]"
hokusai,hokusai_0142,0.65789,0.0,0.0,"[255.0, 255.0, 191.0]","[63.0, 127.0, 127.0]","[191.0, 191.0, 191.0]","[127.0, 191.0, 191.0]","[63.0, 63.0, 63.0]"
hokusai,hokusai_0143,1.07143,84.57143,5.6381,"[255.0, 255.0, 255.0]","[63.0, 63.0, 63.0]","[191.0, 191.0, 127.0]","[127.0, 127.0, 127.0]","[191.0, 191.0, 191.0]"
hokusai,hokusai_0144,0.64655,4.12121,0.3908,"[191.0, 191.0, 191.0]","[127.0, 127.0, 63.0]","[255.0, 255.0, 191.0]","[63.0, 63.0, 63.0]","[191.0, 191.0, 127.0]"
hokusai,hokusai_0145,1.47059,1.07407,0.37908,"[191.0, 191.0, 127.0]","[191.0, 127.0, 63.0]","[63.0, 63.0, 63.0]","[255.0, 255.0, 191.0]","[255.0, 191.0, 127.0]"
hokusai,hokusai_0146,1.35135,16.9,2.03003,"[255.0, 191.0, 191.0]","[191.0, 127.0, 63.0]","[255.0, 255.0, 191.0]","[255.0, 191.0, 127.0]","[127.0, 127.0, 63.0]"
hokusai,hokusai_0147,0.72115,0.0,0.0,"[255.0, 191.0, 191.0]","[127.0, 127.0, 63.0]","[63.0, 63.0, 63.0]","[191.0, 191.0, 127.0]","[127.0, 63.0, 63.0]"
hokusai,hokusai_0149,0.7109,17.92933,48.09479,"[255.0, 255.0, 255.0]","[127.0, 127.0, 127.0]","[0.0, 63.0, 63.0]","[127.0, 191.0, 191.0]","[255.0, 255.0, 191.0]"
hokusai,hokusai_0150,0.67568,0.0,0.0,"[127.0, 127.0, 127.0]","[255.0, 255.0, 191.0]","[127.0, 191.0, 191.0]","[0.0, 63.0, 0.0]","[255.0, 191.0, 127.0]"
hokusai,hokusai_0153,1.37615,0.0,0.0,"[127.0, 127.0, 63.0]","[255.0, 191.0, 191.0]","[191.0, 191.0, 127.0]","[191.0, 191.0, 191.0]","[127.0, 127.0, 127.0]"
hokusai,hokusai_0155,1.41509,114.71429,20.20126,"[255.0, 255.0, 191.0]","[127.0, 127.0, 127.0]","[191.0, 191.0, 191.0]","[255.0, 255.0, 255.0]","[255.0, 191.0, 191.0]"
hokusai,hokusai_0160,1.44231,39.09524,5.26282,"[191.0, 191.0, 191.0]","[127.0, 127.0, 127.0]","[255.0, 255.0, 255.0]","[191.0, 191.0, 127.0]","[255.0, 191.0, 191.0]"
hokusai,hokusai_0161,1.51515,109.0,1.46801,"[191.0, 191.0, 127.0]","[191.0, 191.0, 191.0]","[127.0, 127.0, 127.0]","[255.0, 255.0, 255.0]","[191.0, 127.0, 127.0]"
hokusai,hokusai_0163,1.0,0.02979,0.03111,"[127.0, 127.0, 191.0]","[63.0, 63.0, 63.0]","[127.0, 127.0, 127.0]","[191.0, 191.0, 191.0]","[0.0, 0.0, 63.0]"
hokusai,hokusai_0165,0.67873,0.0,0.0,"[0.0, 63.0, 63.0]","[255.0, 255.0, 191.0]","[191.0, 191.0, 191.0]","[63.0, 63.0, 63.0]","[127.0, 127.0, 127.0]"
hokusai,hokusai_0166,0.69444,0.49085,1.49074,"[191.0, 191.0, 127.0]","[63.0, 63.0, 63.0]","[255.0, 191.0, 191.0]","[127.0, 127.0, 63.0]","[191.0, 191.0, 191.0]"
hokusai,hokusai_0168,0.66964,0.0,0.0,"[191.0, 191.0, 191.0]","[63.0, 63.0, 63.0]","[127.0, 127.0, 127.0]","[0.0, 0.0, 63.0]","[191.0, 127.0, 191.0]"
hokusai,hokusai_0169,0.35377,3.14516,0.3066,"[255.0, 255.0, 191.0]","[191.0, 127.0, 127.0]","[191.0, 191.0, 127.0]","[255.0, 191.0, 191.0]","[63.0, 63.0, 63.0]"
hokusai,hokusai_0170,0.75377,0.01381,0.0536,"[191.0, 191.0, 127.0]","[63.0, 0.0, 0.0]","[191.0, 127.0, 63.0]","[255.0, 255.0, 191.0]","[255.0, 191.0, 191.0]"
hokusai,hokusai_0171,0.68807,29.80597,6.10703,"[255.0, 255.0, 191.0]","[127.0, 127.0, 127.0]","[191.0, 191.0, 191.0]","[63.0, 63.0, 63.0]","[255.0, 255.0, 255.0]"
hokusai,hokusai_0173,0.65217,0.0,0.0,"[255.0, 191.0, 191.0]","[63.0, 63.0, 63.0]","[191.0, 191.0, 191.0]","[255.0, 255.0, 191.0]","[127.0, 127.0, 127.0]"
hokusai,hokusai_0174,0.4491,1.21277,2.50299,"[63.0, 0.0, 0.0]","[255.0, 191.0, 127.0]","[191.0, 63.0, 63.0]","[191.0, 127.0, 63.0]","[255.0, 191.0, 191.0]"
hokusai,hokusai_0175,0.70755,0.0,0.0,"[127.0, 127.0, 127.0]","[191.0, 191.0, 191.0]","[0.0, 0.0, 63.0]","[63.0, 63.0, 63.0]","[191.0, 191.0, 127.0]"
hokusai,hokusai_0176,0.75377,3129.5,20.96817,"[255.0, 255.0, 191.0]","[63.0, 63.0, 63.0]","[255.0, 255.0, 255.0]","[127.0, 127.0, 127.0]","[191.0, 191.0, 191.0]"
hokusai,hokusai_0177,1.48515,0.4581,1.08251,"[63.0, 0.0, 63.0]","[255.0, 191.0, 191.0]","[191.0, 63.0, 63.0]","[191.0, 191.0, 255.0]","[191.0, 191.0, 191.0]"
hokusai,hokusai_0178,0.76923,63.76923,2.83419,"[127.0, 127.0, 127.0]","[191.0, 191.0, 127.0]","[191.0, 191.0, 191.0]","[63.0, 63.0, 63.0]","[191.0, 127.0, 127.0]"
hokusai,hokusai_0179,0.68182,120.8125,11.71515,"[127.0, 127.0, 127.0]","[191.0, 191.0, 191.0]","[255.0, 255.0, 255.0]","[63.0, 63.0, 63.0]","[191.0, 191.0, 127.0]"
hokusai,hokusai_0180,1.51515,0.00995,0.01347,"[0.0, 63.0, 63.0]","[191.0, 191.0, 127.0]","[127.0, 127.0, 127.0]","[255.0, 191.0, 191.0]","[63.0, 127.0, 127.0]"
hokusai,hokusai_0181,0.66964,0.0,0.0,"[255.0, 255.0, 191.0]","[127.0, 127.0, 127.0]","[63.0, 63.0, 63.0]","[191.0, 191.0, 191.0]","[0.0, 63.0, 63.0]"
hokusai,hokusai_0183,0.69124,0.0,0.0,"[191.0, 127.0, 63.0]","[191.0, 191.0, 191.0]","[63.0, 63.0, 63.0]","[127.0, 127.0, 127.0]","[255.0, 191.0, 191.0]"
hokusai,hokusai_0184,0.74627,28.0,0.09287,"[255.0, 255.0, 127.0]","[255.0, 255.0, 191.0]","[127.0, 63.0, 63.0]","[255.0, 191.0, 191.0]","[255.0, 191.0, 127.0]"
hokusai,hokusai_0185,0.70755,0.45631,0.1478,"[127.0, 127.0, 63.0]","[191.0, 191.0, 191.0]","[191.0, 127.0, 127.0]","[63.0, 63.0, 63.0]","[191.0, 191.0, 127.0]"
hokusai,hokusai_0186,0.99338,0.0,0.0,"[63.0, 63.0, 63.0]","[191.0, 63.0, 63.0]","[0.0, 0.0, 0.0]","[127.0, 63.0, 63.0]","[127.0, 127.0, 127.0]"
hokusai,hokusai_0188,0.69124,0.0,0.0,"[127.0, 127.0, 127.0]","[255.0, 191.0, 191.0]","[63.0, 63.0, 63.0]","[191.0, 191.0, 127.0]","[255.0, 255.0, 191.0]"
hokusai,hokusai_0189,0.68807,0.02443,0.14067,"[255.0, 191.0, 191.0]","[0.0, 0.0, 0.0]","[191.0, 191.0, 191.0]","[255.0, 127.0, 63.0]","[63.0, 63.0, 63.0]"
hokusai,hokusai_0190,0.75,0.10843,0.06,"[255.0, 191.0, 191.0]","[191.0, 191.0, 127.0]","[63.0, 63.0, 63.0]","[255.0, 255.0, 191.0]","[255.0, 191.0, 127.0]"
hokusai,hokusai_0192,1.54639,0.0,0.0,"[191.0, 191.0, 191.0]","[63.0, 63.0, 63.0]","[0.0, 0.0, 0.0]","[127.0, 127.0, 127.0]","[255.0, 191.0, 127.0]"
hokusai,hokusai_0193,1.47059,0.61603,2.41176,"[63.0, 63.0, 63.0]","[255.0, 255.0, 191.0]","[127.0, 127.0, 127.0]","[255.0, 191.0, 127.0]","[0.0, 0.0, 63.0]"
hokusai,hokusai_0194,0.50336,0.2,1.27964,"[191.0, 127.0, 127.0]","[255.0, 191.0, 127.0]","[63.0, 63.0, 63.0]","[0.0, 0.0, 0.0]","[191.0, 127.0, 63.0]"
hokusai,hokusai_0196,1.89873,17.04,7.18987,"[127.0, 127.0, 127.0]","[255.0, 255.0, 255.0]","[191.0, 191.0, 127.0]","[191.0, 191.0, 191.0]","[63.0, 63.0, 63.0]"
hokusai,hokusai_0197,0.80645,0.35778,1.73118,"[191.0, 255.0, 191.0]","[63.0, 63.0, 63.0]","[127.0, 127.0, 127.0]","[191.0, 191.0, 191.0]","[0.0, 0.0, 0.0]"
hokusai,hokusai_0198,0.358,0.01463,0.06205,"[191.0, 127.0, 127.0]","[63.0, 63.0, 127.0]","[255.0, 255.0, 191.0]","[191.0, 191.0, 191.0]","[0.0, 0.0, 0.0]"
hokusai,hokusai_0199,0.70423,0.01763,0.05947,"[127.0, 127.0, 63.0]","[63.0, 63.0, 63.0]","[0.0, 0.0, 63.0]","[191.0, 127.0, 127.0]","[191.0, 191.0, 127.0]"
hokusai,hokusai_0200,0.7772,0.0,0.0,"[191.0, 127.0, 127.0]","[63.0, 63.0, 63.0]","[127.0, 127.0, 63.0]","[127.0, 127.0, 127.0]","[191.0, 191.0, 127.0]"
hokusai,hokusai_0201,0.67568,0.0,0.0,"[255.0, 191.0, 127.0]","[63.0, 63.0, 63.0]","[127.0, 191.0, 191.0]","[127.0, 127.0, 63.0]","[191.0, 191.0, 127.0]"
hokusai,hokusai_0203,0.69767,89.5,2.22016,"[191.0, 191.0, 127.0]","[63.0, 63.0, 63.0]","[127.0, 127.0, 127.0]","[191.0, 191.0, 191.0]","[191.0, 127.0, 127.0]"
hokusai,hokusai_0204,0.73529,0.0,0.0,"[191.0, 191.0, 127.0]","[63.0, 63.0, 63.0]","[191.0, 191.0, 191.0]","[255.0, 191.0, 191.0]","[127.0, 127.0, 127.0]"
hokusai,hokusai_0205,1.6129,0.04762,0.06452,"[63.0, 63.0, 63.0]","[191.0, 191.0, 191.0]","[127.0, 127.0, 127.0]","[191.0, 191.0, 127.0]","[255.0, 191.0, 191.0]"
hokusai,hokusai_0207,0.67265,0.0,0.0,"[255.0, 191.0, 191.0]","[63.0, 63.0, 63.0]","[191.0, 127.0, 127.0]","[255.0, 191.0, 127.0]","[0.0, 0.0, 63.0]"
hokusai,hokusai_0209,0.66667,0.0,0.0,"[255.0, 191.0, 63.0]","[63.0, 63.0, 63.0]","[255.0, 255.0, 191.0]","[0.0, 0.0, 63.0]","[127.0, 127.0, 63.0]"
hokusai,hokusai_0210,2.11268,0.0,0.0,"[127.0, 63.0, 63.0]","[191.0, 127.0, 63.0]","[127.0, 127.0, 63.0]","[63.0, 63.0, 63.0]","[63.0, 0.0, 0.0]"
hokusai,hokusai_0213,0.36765,1.03323,1.57516,"[255.0, 191.0, 127.0]","[63.0, 63.0, 63.0]","[255.0, 255.0, 191.0]","[255.0, 191.0, 191.0]","[191.0, 191.0, 127.0]"
hokusai,hokusai_0214,0.74257,0.0,0.0,"[191.0, 191.0, 191.0]","[63.0, 63.0, 63.0]","[127.0, 127.0, 127.0]","[191.0, 127.0, 127.0]","[191.0, 191.0, 127.0]"
hokusai,hokusai_0215,0.68807,18.2,0.27829,"[191.0, 191.0, 191.0]","[127.0, 127.0, 127.0]","[63.0, 63.0, 63.0]","[191.0, 191.0, 127.0]","[255.0, 191.0, 191.0]"
hokusai,hokusai_0217,0.65217,0.0,0.0,"[191.0, 127.0, 127.0]","[191.0, 191.0, 127.0]","[127.0, 127.0, 127.0]","[63.0, 63.0, 63.0]","[255.0, 191.0, 127.0]"
hokusai,hokusai_0218,0.67568,0.0,0.0,"[0.0, 63.0, 63.0]","[191.0, 191.0, 127.0]","[127.0, 191.0, 191.0]","[255.0, 255.0, 191.0]","[127.0, 127.0, 127.0]"
hokusai,hokusai_0220,0.66964,0.0,0.0,"[127.0, 127.0, 191.0]","[63.0, 63.0, 63.0]","[255.0, 255.0, 191.0]","[191.0, 191.0, 191.0]","[0.0, 63.0, 63.0]"
hokusai,hokusai_0221,0.55351,0.0,0.0,"[191.0, 191.0, 127.0]","[127.0, 63.0, 63.0]","[191.0, 127.0, 63.0]","[255.0, 191.0, 127.0]","[191.0, 127.0, 127.0]"
hokusai,hokusai_0223,0.67265,26.78082,5.84454,"[191.0, 191.0, 127.0]","[255.0, 255.0, 255.0]","[63.0, 63.0, 63.0]","[191.0, 191.0, 191.0]","[127.0, 127.0, 127.0]"
hokusai,hokusai_0224,0.67568,0.0,0.0,"[255.0, 255.0, 191.0]","[0.0, 63.0, 63.0]","[127.0, 127.0, 127.0]","[127.0, 191.0, 191.0]","[255.0, 191.0, 127.0]"
hokusai,hokusai_0225,0.73892,0.0,0.0,"[191.0, 191.0, 191.0]","[127.0, 127.0, 127.0]","[255.0, 255.0, 191.0]","[63.0, 63.0, 63.0]","[255.0, 191.0, 191.0]"
hokusai,hokusai_0226,0.68182,0.0,0.0,"[0.0, 63.0, 63.0]","[191.0, 191.0, 127.0]","[63.0, 127.0, 127.0]","[255.0, 191.0, 191.0]","[63.0, 63.0, 63.0]"
hokusai,hokusai_0227,0.70755,0.0,0.0,"[191.0, 127.0, 127.0]","[191.0, 191.0, 191.0]","[63.0, 63.0, 63.0]","[191.0, 191.0, 127.0]","[255.0, 191.0, 191.0]"
hokusai,hokusai_0231,0.67568,0.0,0.0,"[127.0, 191.0, 191.0]","[0.0, 63.0, 63.0]","[127.0, 127.0, 127.0]","[127.0, 191.0, 127.0]","[191.0, 191.0, 191.0]"
hokusai,hokusai_0232,0.70093,0.0,0.0,"[191.0, 127.0, 127.0]","[255.0, 255.0, 191.0]","[63.0, 63.0, 63.0]","[191.0, 191.0, 191.0]","[127.0, 127.0, 127.0]"
hokusai,hokusai_0233,0.66964,0.0,0.0,"[127.0, 127.0, 63.0]","[255.0, 191.0, 191.0]","[191.0, 191.0, 127.0]","[63.0, 63.0, 63.0]","[0.0, 63.0, 63.0]"
hokusai,hokusai_0236,0.75,5.65926,2.54667,"[255.0, 255.0, 191.0]","[63.0, 63.0, 63.0]","[191.0, 191.0, 191.0]","[127.0, 127.0, 127.0]","[63.0, 127.0, 127.0]"
hokusai,hokusai_0239,0.66079,0.0,0.0,"[255.0, 191.0, 127.0]","[127.0, 127.0, 63.0]","[63.0, 63.0, 63.0]","[191.0, 127.0, 127.0]","[127.0, 127.0, 127.0]"
hokusai,hokusai_0241,2.11268,0.0,0.0,"[191.0, 191.0, 127.0]","[63.0, 63.0, 63.0]","[127.0, 127.0, 63.0]","[191.0, 127.0, 127.0]","[127.0, 127.0, 127.0]"
hokusai,hokusai_0245,2.27273,0.00154,0.0101,"[63.0, 63.0, 63.0]","[191.0, 191.0, 127.0]","[127.0, 127.0, 63.0]","[255.0, 191.0, 63.0]","[0.0, 0.0, 0.0]"
hokusai,hokusai_0246,0.90361,0.0,0.0,"[191.0, 191.0, 127.0]","[191.0, 191.0, 191.0]","[127.0, 127.0, 127.0]","[63.0, 63.0, 63.0]","[191.0, 127.0, 127.0]"
hokusai,hokusai_0250,0.66079,0.0,0.0,"[0.0, 63.0, 63.0]","[255.0, 191.0, 191.0]","[127.0, 127.0, 127.0]","[191.0, 191.0, 127.0]","[191.0, 191.0, 191.0]"
hokusai,hokusai_0251,0.68807,1.71403,26.44954,"[63.0, 63.0, 63.0]","[255.0, 255.0, 255.0]","[191.0, 191.0, 191.0]","[0.0, 0.0, 0.0]","[127.0, 127.0, 127.0]"
hokusai,hokusai_0252,0.75758,0.0716,0.41077,"[127.0, 127.0, 191.0]","[0.0, 0.0, 63.0]","[255.0, 255.0, 191.0]","[127.0, 63.0, 63.0]","[255.0, 191.0, 63.0]"
hokusai,hokusai_0254,0.39062,1.25,0.32118,"[191.0, 191.0, 191.0]","[127.0, 127.0, 127.0]","[63.0, 63.0, 63.0]","[191.0, 127.0, 127.0]","[127.0, 191.0, 191.0]"
hokusai,hokusai_0255,0.68493,0.0,0.0,"[191.0, 191.0, 127.0]","[255.0, 191.0, 191.0]","[63.0, 63.0, 63.0]","[255.0, 191.0, 127.0]","[127.0, 127.0, 127.0]"
hokusai,hokusai_0257,0.67265,0.0,0.0,"[0.0, 63.0, 63.0]","[191.0, 191.0, 127.0]","[127.0, 127.0, 127.0]","[255.0, 191.0, 127.0]","[191.0, 191.0, 191.0]"
hokusai,hokusai_0259,1.85185,0.0,0.0,"[191.0, 191.0, 127.0]","[63.0, 63.0, 63.0]","[127.0, 127.0, 127.0]","[191.0, 127.0, 127.0]","[191.0, 191.0, 191.0]"
hokusai,hokusai_0260,0.74627,8.10667,6.04975,"[191.0, 191.0, 191.0]","[127.0, 127.0, 63.0]","[63.0, 63.0, 63.0]","[127.0, 127.0, 127.0]","[255.0, 255.0, 255.0]"
hokusai,hokusai_0261,1.15385,0.0,0.0,"[63.0, 63.0, 0.0]","[191.0, 191.0, 127.0]","[127.0, 63.0, 63.0]","[191.0, 127.0, 63.0]","[63.0, 0.0, 0.0]"
hokusai,hokusai_0264,0.70755,27.4375,2.76101,"[127.0, 127.0, 127.0]","[255.0, 255.0, 255.0]","[191.0, 191.0, 191.0]","[63.0, 63.0, 63.0]","[191.0, 191.0, 127.0]"
hokusai,hokusai_0265,0.61983,8.62222,1.06887,"[255.0, 255.0, 191.0]","[191.0, 191.0, 127.0]","[127.0, 127.0, 63.0]","[255.0, 191.0, 191.0]","[191.0, 191.0, 191.0]"
